id;oblast;raion;hromada;settlement
531388212;Kharkivska;Kupianskyi;Shevchenkivska;Bezmiatezhne_Безмятежне
531477737;Kharkivska;Kupianskyi;Shevchenkivska;Bezmiatezhne_Безмятежне
531477762;Kharkivska;Kupianskyi;Shevchenkivska;Bezmiatezhne_Безмятежне
531477791;Kharkivska;Kupianskyi;Shevchenkivska;Bezmiatezhne_Безмятежне
531477811;Kharkivska;Kupianskyi;Shevchenkivska;Bezmiatezhne_Безмятежне
531477825;Kharkivska;Kupianskyi;Shevchenkivska;Bezmiatezhne_Безмятежне
531477851;Kharkivska;Kupianskyi;Shevchenkivska;Bezmiatezhne_Безмятежне
531508076;Kharkivska;Kupianskyi;Shevchenkivska;Bezmiatezhne_Безмятежне
531508093;Kharkivska;Kupianskyi;Shevchenkivska;Bezmiatezhne_Безмятежне
531508145;Kharkivska;Kupianskyi;Shevchenkivska;Bezmiatezhne_Безмятежне
531508160;Kharkivska;Kupianskyi;Shevchenkivska;Bezmiatezhne_Безмятежне
531508184;Kharkivska;Kupianskyi;Shevchenkivska;Bezmiatezhne_Безмятежне
531508198;Kharkivska;Kupianskyi;Shevchenkivska;Bezmiatezhne_Безмятежне
531508211;Kharkivska;Kupianskyi;Shevchenkivska;Bezmiatezhne_Безмятежне
531508222;Kharkivska;Kupianskyi;Shevchenkivska;Bezmiatezhne_Безмятежне
531508249;Kharkivska;Kupianskyi;Shevchenkivska;Bezmiatezhne_Безмятежне
531508294;Kharkivska;Kupianskyi;Shevchenkivska;Bezmiatezhne_Безмятежне
531508307;Kharkivska;Kupianskyi;Shevchenkivska;Bezmiatezhne_Безмятежне
531508325;Kharkivska;Kupianskyi;Shevchenkivska;Bezmiatezhne_Безмятежне
531508350;Kharkivska;Kupianskyi;Shevchenkivska;Bezmiatezhne_Безмятежне
531508364;Kharkivska;Kupianskyi;Shevchenkivska;Bezmiatezhne_Безмятежне
531508375;Kharkivska;Kupianskyi;Shevchenkivska;Bezmiatezhne_Безмятежне
531508389;Kharkivska;Kupianskyi;Shevchenkivska;Bezmiatezhne_Безмятежне
531508406;Kharkivska;Kupianskyi;Shevchenkivska;Bezmiatezhne_Безмятежне
531508420;Kharkivska;Kupianskyi;Shevchenkivska;Bezmiatezhne_Безмятежне
531508887;Kharkivska;Kupianskyi;Shevchenkivska;Bezmiatezhne_Безмятежне
531508896;Kharkivska;Kupianskyi;Shevchenkivska;Bezmiatezhne_Безмятежне
531508904;Kharkivska;Kupianskyi;Shevchenkivska;Bezmiatezhne_Безмятежне
531508914;Kharkivska;Kupianskyi;Shevchenkivska;Bezmiatezhne_Безмятежне
531508929;Kharkivska;Kupianskyi;Shevchenkivska;Bezmiatezhne_Безмятежне
531508938;Kharkivska;Kupianskyi;Shevchenkivska;Bezmiatezhne_Безмятежне
531508944;Kharkivska;Kupianskyi;Shevchenkivska;Bezmiatezhne_Безмятежне
531508949;Kharkivska;Kupianskyi;Shevchenkivska;Bezmiatezhne_Безмятежне
531508960;Kharkivska;Kupianskyi;Shevchenkivska;Bezmiatezhne_Безмятежне
531508966;Kharkivska;Kupianskyi;Shevchenkivska;Bezmiatezhne_Безмятежне
531508977;Kharkivska;Kupianskyi;Shevchenkivska;Bezmiatezhne_Безмятежне
531508987;Kharkivska;Kupianskyi;Shevchenkivska;Bezmiatezhne_Безмятежне
531509002;Kharkivska;Kupianskyi;Shevchenkivska;Bezmiatezhne_Безмятежне
531509010;Kharkivska;Kupianskyi;Shevchenkivska;Bezmiatezhne_Безмятежне
531509020;Kharkivska;Kupianskyi;Shevchenkivska;Bezmiatezhne_Безмятежне
531509036;Kharkivska;Kupianskyi;Shevchenkivska;Bezmiatezhne_Безмятежне
531509046;Kharkivska;Kupianskyi;Shevchenkivska;Bezmiatezhne_Безмятежне
531509062;Kharkivska;Kupianskyi;Shevchenkivska;Bezmiatezhne_Безмятежне
531509071;Kharkivska;Kupianskyi;Shevchenkivska;Bezmiatezhne_Безмятежне
531509189;Kharkivska;Kupianskyi;Shevchenkivska;Bezmiatezhne_Безмятежне
531510641;Kharkivska;Kupianskyi;Shevchenkivska;Bezmiatezhne_Безмятежне
531510665;Kharkivska;Kupianskyi;Shevchenkivska;Bezmiatezhne_Безмятежне
531510687;Kharkivska;Kupianskyi;Shevchenkivska;Bezmiatezhne_Безмятежне
531510707;Kharkivska;Kupianskyi;Shevchenkivska;Bezmiatezhne_Безмятежне
531510721;Kharkivska;Kupianskyi;Shevchenkivska;Bezmiatezhne_Безмятежне
531510748;Kharkivska;Kupianskyi;Shevchenkivska;Bezmiatezhne_Безмятежне
531510782;Kharkivska;Kupianskyi;Shevchenkivska;Bezmiatezhne_Безмятежне
531510814;Kharkivska;Kupianskyi;Shevchenkivska;Bezmiatezhne_Безмятежне
531510837;Kharkivska;Kupianskyi;Shevchenkivska;Bezmiatezhne_Безмятежне
531510860;Kharkivska;Kupianskyi;Shevchenkivska;Bezmiatezhne_Безмятежне
531510894;Kharkivska;Kupianskyi;Shevchenkivska;Bezmiatezhne_Безмятежне
531510938;Kharkivska;Kupianskyi;Shevchenkivska;Bezmiatezhne_Безмятежне
531510972;Kharkivska;Kupianskyi;Shevchenkivska;Bezmiatezhne_Безмятежне
531511001;Kharkivska;Kupianskyi;Shevchenkivska;Bezmiatezhne_Безмятежне
531511026;Kharkivska;Kupianskyi;Shevchenkivska;Bezmiatezhne_Безмятежне
531511056;Kharkivska;Kupianskyi;Shevchenkivska;Bezmiatezhne_Безмятежне
531803679;Kharkivska;Kupianskyi;Shevchenkivska;Bezmiatezhne_Безмятежне
531803701;Kharkivska;Kupianskyi;Shevchenkivska;Bezmiatezhne_Безмятежне
531803724;Kharkivska;Kupianskyi;Shevchenkivska;Bezmiatezhne_Безмятежне
531803744;Kharkivska;Kupianskyi;Shevchenkivska;Bezmiatezhne_Безмятежне
531803764;Kharkivska;Kupianskyi;Shevchenkivska;Bezmiatezhne_Безмятежне
531803781;Kharkivska;Kupianskyi;Shevchenkivska;Bezmiatezhne_Безмятежне
531803798;Kharkivska;Kupianskyi;Shevchenkivska;Bezmiatezhne_Безмятежне
531803811;Kharkivska;Kupianskyi;Shevchenkivska;Bezmiatezhne_Безмятежне
531803824;Kharkivska;Kupianskyi;Shevchenkivska;Bezmiatezhne_Безмятежне
531803834;Kharkivska;Kupianskyi;Shevchenkivska;Bezmiatezhne_Безмятежне
531803858;Kharkivska;Kupianskyi;Shevchenkivska;Bezmiatezhne_Безмятежне
531803859;Kharkivska;Kupianskyi;Shevchenkivska;Bezmiatezhne_Безмятежне
531803881;Kharkivska;Kupianskyi;Shevchenkivska;Bezmiatezhne_Безмятежне
531803882;Kharkivska;Kupianskyi;Shevchenkivska;Bezmiatezhne_Безмятежне
531803891;Kharkivska;Kupianskyi;Shevchenkivska;Bezmiatezhne_Безмятежне
531803901;Kharkivska;Kupianskyi;Shevchenkivska;Bezmiatezhne_Безмятежне
531803903;Kharkivska;Kupianskyi;Shevchenkivska;Bezmiatezhne_Безмятежне
531803915;Kharkivska;Kupianskyi;Shevchenkivska;Bezmiatezhne_Безмятежне
531803918;Kharkivska;Kupianskyi;Shevchenkivska;Bezmiatezhne_Безмятежне
531803929;Kharkivska;Kupianskyi;Shevchenkivska;Bezmiatezhne_Безмятежне
531803936;Kharkivska;Kupianskyi;Shevchenkivska;Bezmiatezhne_Безмятежне
531803946;Kharkivska;Kupianskyi;Shevchenkivska;Bezmiatezhne_Безмятежне
531803954;Kharkivska;Kupianskyi;Shevchenkivska;Bezmiatezhne_Безмятежне
531803961;Kharkivska;Kupianskyi;Shevchenkivska;Bezmiatezhne_Безмятежне
531803970;Kharkivska;Kupianskyi;Shevchenkivska;Bezmiatezhne_Безмятежне
531803977;Kharkivska;Kupianskyi;Shevchenkivska;Bezmiatezhne_Безмятежне
531803982;Kharkivska;Kupianskyi;Shevchenkivska;Bezmiatezhne_Безмятежне
531804000;Kharkivska;Kupianskyi;Shevchenkivska;Bezmiatezhne_Безмятежне
531804005;Kharkivska;Kupianskyi;Shevchenkivska;Bezmiatezhne_Безмятежне
531804019;Kharkivska;Kupianskyi;Shevchenkivska;Bezmiatezhne_Безмятежне
531804021;Kharkivska;Kupianskyi;Shevchenkivska;Bezmiatezhne_Безмятежне
531804025;Kharkivska;Kupianskyi;Shevchenkivska;Bezmiatezhne_Безмятежне
531804041;Kharkivska;Kupianskyi;Shevchenkivska;Bezmiatezhne_Безмятежне
531804043;Kharkivska;Kupianskyi;Shevchenkivska;Bezmiatezhne_Безмятежне
531804045;Kharkivska;Kupianskyi;Shevchenkivska;Bezmiatezhne_Безмятежне
531804065;Kharkivska;Kupianskyi;Shevchenkivska;Bezmiatezhne_Безмятежне
531804068;Kharkivska;Kupianskyi;Shevchenkivska;Bezmiatezhne_Безмятежне
531804070;Kharkivska;Kupianskyi;Shevchenkivska;Bezmiatezhne_Безмятежне
531804079;Kharkivska;Kupianskyi;Shevchenkivska;Bezmiatezhne_Безмятежне
531804082;Kharkivska;Kupianskyi;Shevchenkivska;Bezmiatezhne_Безмятежне
531804085;Kharkivska;Kupianskyi;Shevchenkivska;Bezmiatezhne_Безмятежне
531804091;Kharkivska;Kupianskyi;Shevchenkivska;Bezmiatezhne_Безмятежне
531804092;Kharkivska;Kupianskyi;Shevchenkivska;Bezmiatezhne_Безмятежне
531804098;Kharkivska;Kupianskyi;Shevchenkivska;Bezmiatezhne_Безмятежне
531804106;Kharkivska;Kupianskyi;Shevchenkivska;Bezmiatezhne_Безмятежне
531804116;Kharkivska;Kupianskyi;Shevchenkivska;Bezmiatezhne_Безмятежне
531804119;Kharkivska;Kupianskyi;Shevchenkivska;Bezmiatezhne_Безмятежне
531804131;Kharkivska;Kupianskyi;Shevchenkivska;Bezmiatezhne_Безмятежне
531804135;Kharkivska;Kupianskyi;Shevchenkivska;Bezmiatezhne_Безмятежне
531804137;Kharkivska;Kupianskyi;Shevchenkivska;Bezmiatezhne_Безмятежне
531804151;Kharkivska;Kupianskyi;Shevchenkivska;Bezmiatezhne_Безмятежне
531804168;Kharkivska;Kupianskyi;Shevchenkivska;Bezmiatezhne_Безмятежне
531804182;Kharkivska;Kupianskyi;Shevchenkivska;Bezmiatezhne_Безмятежне
531804186;Kharkivska;Kupianskyi;Shevchenkivska;Bezmiatezhne_Безмятежне
531804199;Kharkivska;Kupianskyi;Shevchenkivska;Bezmiatezhne_Безмятежне
531804200;Kharkivska;Kupianskyi;Shevchenkivska;Bezmiatezhne_Безмятежне
531804221;Kharkivska;Kupianskyi;Shevchenkivska;Bezmiatezhne_Безмятежне
531804222;Kharkivska;Kupianskyi;Shevchenkivska;Bezmiatezhne_Безмятежне
531804241;Kharkivska;Kupianskyi;Shevchenkivska;Bezmiatezhne_Безмятежне
531804247;Kharkivska;Kupianskyi;Shevchenkivska;Bezmiatezhne_Безмятежне
531804260;Kharkivska;Kupianskyi;Shevchenkivska;Bezmiatezhne_Безмятежне
531804269;Kharkivska;Kupianskyi;Shevchenkivska;Bezmiatezhne_Безмятежне
531804275;Kharkivska;Kupianskyi;Shevchenkivska;Bezmiatezhne_Безмятежне
531804292;Kharkivska;Kupianskyi;Shevchenkivska;Bezmiatezhne_Безмятежне
531804315;Kharkivska;Kupianskyi;Shevchenkivska;Bezmiatezhne_Безмятежне
531804333;Kharkivska;Kupianskyi;Shevchenkivska;Bezmiatezhne_Безмятежне
531804357;Kharkivska;Kupianskyi;Shevchenkivska;Bezmiatezhne_Безмятежне
531804376;Kharkivska;Kupianskyi;Shevchenkivska;Bezmiatezhne_Безмятежне
531804393;Kharkivska;Kupianskyi;Shevchenkivska;Bezmiatezhne_Безмятежне
531804416;Kharkivska;Kupianskyi;Shevchenkivska;Bezmiatezhne_Безмятежне
531804436;Kharkivska;Kupianskyi;Shevchenkivska;Bezmiatezhne_Безмятежне
531804466;Kharkivska;Kupianskyi;Shevchenkivska;Bezmiatezhne_Безмятежне
532147885;Kharkivska;Kupianskyi;Shevchenkivska;Bezmiatezhne_Безмятежне
532147934;Kharkivska;Kupianskyi;Shevchenkivska;Bezmiatezhne_Безмятежне
532147969;Kharkivska;Kupianskyi;Shevchenkivska;Bezmiatezhne_Безмятежне
532148005;Kharkivska;Kupianskyi;Shevchenkivska;Bezmiatezhne_Безмятежне
532148043;Kharkivska;Kupianskyi;Shevchenkivska;Bezmiatezhne_Безмятежне
532148089;Kharkivska;Kupianskyi;Shevchenkivska;Bezmiatezhne_Безмятежне
532148118;Kharkivska;Kupianskyi;Shevchenkivska;Bezmiatezhne_Безмятежне
532148143;Kharkivska;Kupianskyi;Shevchenkivska;Bezmiatezhne_Безмятежне
532148175;Kharkivska;Kupianskyi;Shevchenkivska;Bezmiatezhne_Безмятежне
532148199;Kharkivska;Kupianskyi;Shevchenkivska;Bezmiatezhne_Безмятежне
532148222;Kharkivska;Kupianskyi;Shevchenkivska;Bezmiatezhne_Безмятежне
532148246;Kharkivska;Kupianskyi;Shevchenkivska;Bezmiatezhne_Безмятежне
532148258;Kharkivska;Kupianskyi;Shevchenkivska;Bezmiatezhne_Безмятежне
532148292;Kharkivska;Kupianskyi;Shevchenkivska;Bezmiatezhne_Безмятежне
532148347;Kharkivska;Kupianskyi;Shevchenkivska;Bezmiatezhne_Безмятежне
532148375;Kharkivska;Kupianskyi;Shevchenkivska;Bezmiatezhne_Безмятежне
532148404;Kharkivska;Kupianskyi;Shevchenkivska;Bezmiatezhne_Безмятежне
532148422;Kharkivska;Kupianskyi;Shevchenkivska;Bezmiatezhne_Безмятежне
532148445;Kharkivska;Kupianskyi;Shevchenkivska;Bezmiatezhne_Безмятежне
532148488;Kharkivska;Kupianskyi;Shevchenkivska;Bezmiatezhne_Безмятежне
532148507;Kharkivska;Kupianskyi;Shevchenkivska;Bezmiatezhne_Безмятежне
532148539;Kharkivska;Kupianskyi;Shevchenkivska;Bezmiatezhne_Безмятежне
532151522;Kharkivska;Kupianskyi;Shevchenkivska;Bezmiatezhne_Безмятежне
532159615;Kharkivska;Kupianskyi;Shevchenkivska;Bezmiatezhne_Безмятежне
532159631;Kharkivska;Kupianskyi;Shevchenkivska;Bezmiatezhne_Безмятежне
532159643;Kharkivska;Kupianskyi;Shevchenkivska;Bezmiatezhne_Безмятежне
532159661;Kharkivska;Kupianskyi;Shevchenkivska;Bezmiatezhne_Безмятежне
532159672;Kharkivska;Kupianskyi;Shevchenkivska;Bezmiatezhne_Безмятежне
532159684;Kharkivska;Kupianskyi;Shevchenkivska;Bezmiatezhne_Безмятежне
532159700;Kharkivska;Kupianskyi;Shevchenkivska;Bezmiatezhne_Безмятежне
532159711;Kharkivska;Kupianskyi;Shevchenkivska;Bezmiatezhne_Безмятежне
532159726;Kharkivska;Kupianskyi;Shevchenkivska;Bezmiatezhne_Безмятежне
532159742;Kharkivska;Kupianskyi;Shevchenkivska;Bezmiatezhne_Безмятежне
532159755;Kharkivska;Kupianskyi;Shevchenkivska;Bezmiatezhne_Безмятежне
532159777;Kharkivska;Kupianskyi;Shevchenkivska;Bezmiatezhne_Безмятежне
532159795;Kharkivska;Kupianskyi;Shevchenkivska;Bezmiatezhne_Безмятежне
532159816;Kharkivska;Kupianskyi;Shevchenkivska;Bezmiatezhne_Безмятежне
532159845;Kharkivska;Kupianskyi;Shevchenkivska;Bezmiatezhne_Безмятежне
532159874;Kharkivska;Kupianskyi;Shevchenkivska;Bezmiatezhne_Безмятежне
532159899;Kharkivska;Kupianskyi;Shevchenkivska;Bezmiatezhne_Безмятежне
532159920;Kharkivska;Kupianskyi;Shevchenkivska;Bezmiatezhne_Безмятежне
532168789;Kharkivska;Kupianskyi;Shevchenkivska;Bezmiatezhne_Безмятежне
532168808;Kharkivska;Kupianskyi;Shevchenkivska;Bezmiatezhne_Безмятежне
532168828;Kharkivska;Kupianskyi;Shevchenkivska;Bezmiatezhne_Безмятежне
532168843;Kharkivska;Kupianskyi;Shevchenkivska;Bezmiatezhne_Безмятежне
532168854;Kharkivska;Kupianskyi;Shevchenkivska;Bezmiatezhne_Безмятежне
532168877;Kharkivska;Kupianskyi;Shevchenkivska;Bezmiatezhne_Безмятежне
532168898;Kharkivska;Kupianskyi;Shevchenkivska;Bezmiatezhne_Безмятежне
532168923;Kharkivska;Kupianskyi;Shevchenkivska;Bezmiatezhne_Безмятежне
532168947;Kharkivska;Kupianskyi;Shevchenkivska;Bezmiatezhne_Безмятежне
532168967;Kharkivska;Kupianskyi;Shevchenkivska;Bezmiatezhne_Безмятежне
532168982;Kharkivska;Kupianskyi;Shevchenkivska;Bezmiatezhne_Безмятежне
532169001;Kharkivska;Kupianskyi;Shevchenkivska;Bezmiatezhne_Безмятежне
532169026;Kharkivska;Kupianskyi;Shevchenkivska;Bezmiatezhne_Безмятежне
532169052;Kharkivska;Kupianskyi;Shevchenkivska;Bezmiatezhne_Безмятежне
532169061;Kharkivska;Kupianskyi;Shevchenkivska;Bezmiatezhne_Безмятежне
532169075;Kharkivska;Kupianskyi;Shevchenkivska;Bezmiatezhne_Безмятежне
532169089;Kharkivska;Kupianskyi;Shevchenkivska;Bezmiatezhne_Безмятежне
532169103;Kharkivska;Kupianskyi;Shevchenkivska;Bezmiatezhne_Безмятежне
532169110;Kharkivska;Kupianskyi;Shevchenkivska;Bezmiatezhne_Безмятежне
532452126;Kharkivska;Kupianskyi;Shevchenkivska;Bezmiatezhne_Безмятежне
532452144;Kharkivska;Kupianskyi;Shevchenkivska;Bezmiatezhne_Безмятежне
532452174;Kharkivska;Kupianskyi;Shevchenkivska;Bezmiatezhne_Безмятежне
532452200;Kharkivska;Kupianskyi;Shevchenkivska;Bezmiatezhne_Безмятежне
532452231;Kharkivska;Kupianskyi;Shevchenkivska;Bezmiatezhne_Безмятежне
532452244;Kharkivska;Kupianskyi;Shevchenkivska;Bezmiatezhne_Безмятежне
532461009;Kharkivska;Kupianskyi;Shevchenkivska;Bezmiatezhne_Безмятежне
532461050;Kharkivska;Kupianskyi;Shevchenkivska;Bezmiatezhne_Безмятежне
532461085;Kharkivska;Kupianskyi;Shevchenkivska;Bezmiatezhne_Безмятежне
532461130;Kharkivska;Kupianskyi;Shevchenkivska;Bezmiatezhne_Безмятежне
532461186;Kharkivska;Kupianskyi;Shevchenkivska;Bezmiatezhne_Безмятежне
532461224;Kharkivska;Kupianskyi;Shevchenkivska;Bezmiatezhne_Безмятежне
532529814;Kharkivska;Kupianskyi;Shevchenkivska;Bezmiatezhne_Безмятежне
532529867;Kharkivska;Kupianskyi;Shevchenkivska;Bezmiatezhne_Безмятежне
532529920;Kharkivska;Kupianskyi;Shevchenkivska;Bezmiatezhne_Безмятежне
532529962;Kharkivska;Kupianskyi;Shevchenkivska;Bezmiatezhne_Безмятежне
532529998;Kharkivska;Kupianskyi;Shevchenkivska;Bezmiatezhne_Безмятежне
532765813;Kharkivska;Kupianskyi;Shevchenkivska;Semenivka_Семенівка
532765834;Kharkivska;Kupianskyi;Shevchenkivska;Semenivka_Семенівка
532765848;Kharkivska;Kupianskyi;Shevchenkivska;Semenivka_Семенівка
532765867;Kharkivska;Kupianskyi;Shevchenkivska;Semenivka_Семенівка
532765871;Kharkivska;Kupianskyi;Shevchenkivska;Semenivka_Семенівка
532765880;Kharkivska;Kupianskyi;Shevchenkivska;Semenivka_Семенівка
532765883;Kharkivska;Kupianskyi;Shevchenkivska;Semenivka_Семенівка
532765890;Kharkivska;Kupianskyi;Shevchenkivska;Semenivka_Семенівка
532765895;Kharkivska;Kupianskyi;Shevchenkivska;Semenivka_Семенівка
532765903;Kharkivska;Kupianskyi;Shevchenkivska;Semenivka_Семенівка
532765908;Kharkivska;Kupianskyi;Shevchenkivska;Semenivka_Семенівка
532765914;Kharkivska;Kupianskyi;Shevchenkivska;Semenivka_Семенівка
532765924;Kharkivska;Kupianskyi;Shevchenkivska;Semenivka_Семенівка
532765927;Kharkivska;Kupianskyi;Shevchenkivska;Semenivka_Семенівка
532765936;Kharkivska;Kupianskyi;Shevchenkivska;Semenivka_Семенівка
532765938;Kharkivska;Kupianskyi;Shevchenkivska;Semenivka_Семенівка
532765943;Kharkivska;Kupianskyi;Shevchenkivska;Semenivka_Семенівка
532765947;Kharkivska;Kupianskyi;Shevchenkivska;Semenivka_Семенівка
532765954;Kharkivska;Kupianskyi;Shevchenkivska;Semenivka_Семенівка
532765959;Kharkivska;Kupianskyi;Shevchenkivska;Semenivka_Семенівка
532765976;Kharkivska;Kupianskyi;Shevchenkivska;Semenivka_Семенівка
532765983;Kharkivska;Kupianskyi;Shevchenkivska;Semenivka_Семенівка
532765999;Kharkivska;Kupianskyi;Shevchenkivska;Semenivka_Семенівка
532766004;Kharkivska;Kupianskyi;Shevchenkivska;Semenivka_Семенівка
532766010;Kharkivska;Kupianskyi;Shevchenkivska;Semenivka_Семенівка
532766020;Kharkivska;Kupianskyi;Shevchenkivska;Semenivka_Семенівка
532766028;Kharkivska;Kupianskyi;Shevchenkivska;Semenivka_Семенівка
532766043;Kharkivska;Kupianskyi;Shevchenkivska;Semenivka_Семенівка
532766077;Kharkivska;Kupianskyi;Shevchenkivska;Semenivka_Семенівка
532766100;Kharkivska;Kupianskyi;Shevchenkivska;Semenivka_Семенівка
532766135;Kharkivska;Kupianskyi;Shevchenkivska;Semenivka_Семенівка
532766144;Kharkivska;Kupianskyi;Shevchenkivska;Semenivka_Семенівка
532766187;Kharkivska;Kupianskyi;Shevchenkivska;Semenivka_Семенівка
532766190;Kharkivska;Kupianskyi;Shevchenkivska;Semenivka_Семенівка
532766242;Kharkivska;Kupianskyi;Shevchenkivska;Semenivka_Семенівка
532766294;Kharkivska;Kupianskyi;Shevchenkivska;Semenivka_Семенівка
532766331;Kharkivska;Kupianskyi;Shevchenkivska;Semenivka_Семенівка
532766370;Kharkivska;Kupianskyi;Shevchenkivska;Semenivka_Семенівка
532766449;Kharkivska;Kupianskyi;Shevchenkivska;Semenivka_Семенівка
532774608;Kharkivska;Kupianskyi;Shevchenkivska;Semenivka_Семенівка
532775577;Kharkivska;Kupianskyi;Shevchenkivska;Semenivka_Семенівка
532777770;Kharkivska;Kupianskyi;Shevchenkivska;Semenivka_Семенівка
532777789;Kharkivska;Kupianskyi;Shevchenkivska;Semenivka_Семенівка
532777802;Kharkivska;Kupianskyi;Shevchenkivska;Semenivka_Семенівка
532777809;Kharkivska;Kupianskyi;Shevchenkivska;Semenivka_Семенівка
532777816;Kharkivska;Kupianskyi;Shevchenkivska;Semenivka_Семенівка
532777822;Kharkivska;Kupianskyi;Shevchenkivska;Semenivka_Семенівка
532777826;Kharkivska;Kupianskyi;Shevchenkivska;Semenivka_Семенівка
532777832;Kharkivska;Kupianskyi;Shevchenkivska;Semenivka_Семенівка
532777845;Kharkivska;Kupianskyi;Shevchenkivska;Semenivka_Семенівка
532777853;Kharkivska;Kupianskyi;Shevchenkivska;Semenivka_Семенівка
532777861;Kharkivska;Kupianskyi;Shevchenkivska;Semenivka_Семенівка
532777869;Kharkivska;Kupianskyi;Shevchenkivska;Semenivka_Семенівка
532777923;Kharkivska;Kupianskyi;Shevchenkivska;Semenivka_Семенівка
532790481;Kharkivska;Kupianskyi;Shevchenkivska;Semenivka_Семенівка
532790488;Kharkivska;Kupianskyi;Shevchenkivska;Semenivka_Семенівка
532790502;Kharkivska;Kupianskyi;Shevchenkivska;Semenivka_Семенівка
532790523;Kharkivska;Kupianskyi;Shevchenkivska;Semenivka_Семенівка
532790536;Kharkivska;Kupianskyi;Shevchenkivska;Semenivka_Семенівка
532790545;Kharkivska;Kupianskyi;Shevchenkivska;Semenivka_Семенівка
532790561;Kharkivska;Kupianskyi;Shevchenkivska;Semenivka_Семенівка
532790572;Kharkivska;Kupianskyi;Shevchenkivska;Semenivka_Семенівка
532790577;Kharkivska;Kupianskyi;Shevchenkivska;Semenivka_Семенівка
532790583;Kharkivska;Kupianskyi;Shevchenkivska;Semenivka_Семенівка
532790586;Kharkivska;Kupianskyi;Shevchenkivska;Semenivka_Семенівка
532790601;Kharkivska;Kupianskyi;Shevchenkivska;Semenivka_Семенівка
532790612;Kharkivska;Kupianskyi;Shevchenkivska;Semenivka_Семенівка
532790618;Kharkivska;Kupianskyi;Shevchenkivska;Semenivka_Семенівка
533468236;Kharkivska;Kupianskyi;Shevchenkivska;Petropillia_Петропілля
533468250;Kharkivska;Kupianskyi;Shevchenkivska;Petropillia_Петропілля
533468262;Kharkivska;Kupianskyi;Shevchenkivska;Petropillia_Петропілля
533468275;Kharkivska;Kupianskyi;Shevchenkivska;Petropillia_Петропілля
533468296;Kharkivska;Kupianskyi;Shevchenkivska;Petropillia_Петропілля
533468342;Kharkivska;Kupianskyi;Shevchenkivska;Petropillia_Петропілля
533468363;Kharkivska;Kupianskyi;Shevchenkivska;Petropillia_Петропілля
533468384;Kharkivska;Kupianskyi;Shevchenkivska;Petropillia_Петропілля
533468405;Kharkivska;Kupianskyi;Shevchenkivska;Petropillia_Петропілля
533468421;Kharkivska;Kupianskyi;Shevchenkivska;Petropillia_Петропілля
533468447;Kharkivska;Kupianskyi;Shevchenkivska;Petropillia_Петропілля
533468470;Kharkivska;Kupianskyi;Shevchenkivska;Petropillia_Петропілля
533468479;Kharkivska;Kupianskyi;Shevchenkivska;Petropillia_Петропілля
533468496;Kharkivska;Kupianskyi;Shevchenkivska;Petropillia_Петропілля
533468519;Kharkivska;Kupianskyi;Shevchenkivska;Petropillia_Петропілля
533468545;Kharkivska;Kupianskyi;Shevchenkivska;Petropillia_Петропілля
533468564;Kharkivska;Kupianskyi;Shevchenkivska;Petropillia_Петропілля
533468587;Kharkivska;Kupianskyi;Shevchenkivska;Petropillia_Петропілля
533468614;Kharkivska;Kupianskyi;Shevchenkivska;Petropillia_Петропілля
533468629;Kharkivska;Kupianskyi;Shevchenkivska;Petropillia_Петропілля
533468644;Kharkivska;Kupianskyi;Shevchenkivska;Petropillia_Петропілля
533468669;Kharkivska;Kupianskyi;Shevchenkivska;Petropillia_Петропілля
533468687;Kharkivska;Kupianskyi;Shevchenkivska;Petropillia_Петропілля
533468704;Kharkivska;Kupianskyi;Shevchenkivska;Petropillia_Петропілля
533468724;Kharkivska;Kupianskyi;Shevchenkivska;Petropillia_Петропілля
533468756;Kharkivska;Kupianskyi;Shevchenkivska;Petropillia_Петропілля
533468778;Kharkivska;Kupianskyi;Shevchenkivska;Petropillia_Петропілля
533480544;Kharkivska;Kupianskyi;Shevchenkivska;Petropillia_Петропілля
533480565;Kharkivska;Kupianskyi;Shevchenkivska;Petropillia_Петропілля
533480629;Kharkivska;Kupianskyi;Shevchenkivska;Petropillia_Петропілля
533480651;Kharkivska;Kupianskyi;Shevchenkivska;Petropillia_Петропілля
533480670;Kharkivska;Kupianskyi;Shevchenkivska;Petropillia_Петропілля
533480689;Kharkivska;Kupianskyi;Shevchenkivska;Petropillia_Петропілля
533480701;Kharkivska;Kupianskyi;Shevchenkivska;Petropillia_Петропілля
533480713;Kharkivska;Kupianskyi;Shevchenkivska;Petropillia_Петропілля
533480729;Kharkivska;Kupianskyi;Shevchenkivska;Petropillia_Петропілля
533480762;Kharkivska;Kupianskyi;Shevchenkivska;Petropillia_Петропілля
533480783;Kharkivska;Kupianskyi;Shevchenkivska;Petropillia_Петропілля
533480835;Kharkivska;Kupianskyi;Shevchenkivska;Petropillia_Петропілля
533480861;Kharkivska;Kupianskyi;Shevchenkivska;Petropillia_Петропілля
533480879;Kharkivska;Kupianskyi;Shevchenkivska;Petropillia_Петропілля
533480893;Kharkivska;Kupianskyi;Shevchenkivska;Petropillia_Петропілля
533480907;Kharkivska;Kupianskyi;Shevchenkivska;Petropillia_Петропілля
533480924;Kharkivska;Kupianskyi;Shevchenkivska;Petropillia_Петропілля
533480963;Kharkivska;Kupianskyi;Shevchenkivska;Petropillia_Петропілля
533480981;Kharkivska;Kupianskyi;Shevchenkivska;Petropillia_Петропілля
533480990;Kharkivska;Kupianskyi;Shevchenkivska;Petropillia_Петропілля
533481014;Kharkivska;Kupianskyi;Shevchenkivska;Petropillia_Петропілля
533481020;Kharkivska;Kupianskyi;Shevchenkivska;Petropillia_Петропілля
533481054;Kharkivska;Kupianskyi;Shevchenkivska;Petropillia_Петропілля
533481055;Kharkivska;Kupianskyi;Shevchenkivska;Petropillia_Петропілля
533481074;Kharkivska;Kupianskyi;Shevchenkivska;Petropillia_Петропілля
533481078;Kharkivska;Kupianskyi;Shevchenkivska;Petropillia_Петропілля
533481095;Kharkivska;Kupianskyi;Shevchenkivska;Petropillia_Петропілля
533481115;Kharkivska;Kupianskyi;Shevchenkivska;Petropillia_Петропілля
533481120;Kharkivska;Kupianskyi;Shevchenkivska;Petropillia_Петропілля
533481145;Kharkivska;Kupianskyi;Shevchenkivska;Petropillia_Петропілля
533481157;Kharkivska;Kupianskyi;Shevchenkivska;Petropillia_Петропілля
533481165;Kharkivska;Kupianskyi;Shevchenkivska;Petropillia_Петропілля
533481176;Kharkivska;Kupianskyi;Shevchenkivska;Petropillia_Петропілля
533481186;Kharkivska;Kupianskyi;Shevchenkivska;Petropillia_Петропілля
533481189;Kharkivska;Kupianskyi;Shevchenkivska;Petropillia_Петропілля
533481216;Kharkivska;Kupianskyi;Shevchenkivska;Petropillia_Петропілля
533481221;Kharkivska;Kupianskyi;Shevchenkivska;Petropillia_Петропілля
533481228;Kharkivska;Kupianskyi;Shevchenkivska;Petropillia_Петропілля
533481242;Kharkivska;Kupianskyi;Shevchenkivska;Petropillia_Петропілля
533481246;Kharkivska;Kupianskyi;Shevchenkivska;Petropillia_Петропілля
533481263;Kharkivska;Kupianskyi;Shevchenkivska;Petropillia_Петропілля
533481272;Kharkivska;Kupianskyi;Shevchenkivska;Petropillia_Петропілля
533481295;Kharkivska;Kupianskyi;Shevchenkivska;Petropillia_Петропілля
533481311;Kharkivska;Kupianskyi;Shevchenkivska;Petropillia_Петропілля
533481331;Kharkivska;Kupianskyi;Shevchenkivska;Petropillia_Петропілля
533481345;Kharkivska;Kupianskyi;Shevchenkivska;Petropillia_Петропілля
533481362;Kharkivska;Kupianskyi;Shevchenkivska;Petropillia_Петропілля
533481388;Kharkivska;Kupianskyi;Shevchenkivska;Petropillia_Петропілля
533481408;Kharkivska;Kupianskyi;Shevchenkivska;Petropillia_Петропілля
533481423;Kharkivska;Kupianskyi;Shevchenkivska;Petropillia_Петропілля
533481430;Kharkivska;Kupianskyi;Shevchenkivska;Petropillia_Петропілля
533481470;Kharkivska;Kupianskyi;Shevchenkivska;Petropillia_Петропілля
533481493;Kharkivska;Kupianskyi;Shevchenkivska;Petropillia_Петропілля
533481523;Kharkivska;Kupianskyi;Shevchenkivska;Petropillia_Петропілля
533768902;Kharkivska;Kupianskyi;Shevchenkivska;Petropillia_Петропілля
533768913;Kharkivska;Kupianskyi;Shevchenkivska;Petropillia_Петропілля
533768922;Kharkivska;Kupianskyi;Shevchenkivska;Petropillia_Петропілля
533768928;Kharkivska;Kupianskyi;Shevchenkivska;Petropillia_Петропілля
533768939;Kharkivska;Kupianskyi;Shevchenkivska;Petropillia_Петропілля
533768946;Kharkivska;Kupianskyi;Shevchenkivska;Petropillia_Петропілля
533768954;Kharkivska;Kupianskyi;Shevchenkivska;Petropillia_Петропілля
533768961;Kharkivska;Kupianskyi;Shevchenkivska;Petropillia_Петропілля
533768973;Kharkivska;Kupianskyi;Shevchenkivska;Petropillia_Петропілля
533768987;Kharkivska;Kupianskyi;Shevchenkivska;Petropillia_Петропілля
533768997;Kharkivska;Kupianskyi;Shevchenkivska;Petropillia_Петропілля
533769005;Kharkivska;Kupianskyi;Shevchenkivska;Petropillia_Петропілля
533769018;Kharkivska;Kupianskyi;Shevchenkivska;Petropillia_Петропілля
533769030;Kharkivska;Kupianskyi;Shevchenkivska;Petropillia_Петропілля
533769038;Kharkivska;Kupianskyi;Shevchenkivska;Petropillia_Петропілля
533769049;Kharkivska;Kupianskyi;Shevchenkivska;Petropillia_Петропілля
533769064;Kharkivska;Kupianskyi;Shevchenkivska;Petropillia_Петропілля
533769073;Kharkivska;Kupianskyi;Shevchenkivska;Petropillia_Петропілля
533769079;Kharkivska;Kupianskyi;Shevchenkivska;Petropillia_Петропілля
533769085;Kharkivska;Kupianskyi;Shevchenkivska;Petropillia_Петропілля
533775350;Kharkivska;Kupianskyi;Shevchenkivska;Petropillia_Петропілля
533775376;Kharkivska;Kupianskyi;Shevchenkivska;Petropillia_Петропілля
533775392;Kharkivska;Kupianskyi;Shevchenkivska;Petropillia_Петропілля
533775402;Kharkivska;Kupianskyi;Shevchenkivska;Petropillia_Петропілля
533775409;Kharkivska;Kupianskyi;Shevchenkivska;Petropillia_Петропілля
533775425;Kharkivska;Kupianskyi;Shevchenkivska;Petropillia_Петропілля
533775438;Kharkivska;Kupianskyi;Shevchenkivska;Petropillia_Петропілля
533775459;Kharkivska;Kupianskyi;Shevchenkivska;Petropillia_Петропілля
533775479;Kharkivska;Kupianskyi;Shevchenkivska;Petropillia_Петропілля
533775498;Kharkivska;Kupianskyi;Shevchenkivska;Petropillia_Петропілля
533775515;Kharkivska;Kupianskyi;Shevchenkivska;Petropillia_Петропілля
533775534;Kharkivska;Kupianskyi;Shevchenkivska;Petropillia_Петропілля
533775544;Kharkivska;Kupianskyi;Shevchenkivska;Petropillia_Петропілля
533775561;Kharkivska;Kupianskyi;Shevchenkivska;Petropillia_Петропілля
533775579;Kharkivska;Kupianskyi;Shevchenkivska;Petropillia_Петропілля
533775592;Kharkivska;Kupianskyi;Shevchenkivska;Petropillia_Петропілля
533775618;Kharkivska;Kupianskyi;Shevchenkivska;Petropillia_Петропілля
533775643;Kharkivska;Kupianskyi;Shevchenkivska;Petropillia_Петропілля
533775686;Kharkivska;Kupianskyi;Shevchenkivska;Petropillia_Петропілля
533775715;Kharkivska;Kupianskyi;Shevchenkivska;Petropillia_Петропілля
533775735;Kharkivska;Kupianskyi;Shevchenkivska;Petropillia_Петропілля
533775755;Kharkivska;Kupianskyi;Shevchenkivska;Petropillia_Петропілля
533805825;Kharkivska;Kupianskyi;Shevchenkivska;Petropillia_Петропілля
533805851;Kharkivska;Kupianskyi;Shevchenkivska;Petropillia_Петропілля
533805869;Kharkivska;Kupianskyi;Shevchenkivska;Petropillia_Петропілля
533805885;Kharkivska;Kupianskyi;Shevchenkivska;Petropillia_Петропілля
533805894;Kharkivska;Kupianskyi;Shevchenkivska;Petropillia_Петропілля
533805904;Kharkivska;Kupianskyi;Shevchenkivska;Petropillia_Петропілля
533805912;Kharkivska;Kupianskyi;Shevchenkivska;Petropillia_Петропілля
533805918;Kharkivska;Kupianskyi;Shevchenkivska;Petropillia_Петропілля
533805922;Kharkivska;Kupianskyi;Shevchenkivska;Petropillia_Петропілля
533805930;Kharkivska;Kupianskyi;Shevchenkivska;Petropillia_Петропілля
533805937;Kharkivska;Kupianskyi;Shevchenkivska;Petropillia_Петропілля
533805955;Kharkivska;Kupianskyi;Shevchenkivska;Petropillia_Петропілля
533805970;Kharkivska;Kupianskyi;Shevchenkivska;Petropillia_Петропілля
533805994;Kharkivska;Kupianskyi;Shevchenkivska;Petropillia_Петропілля
533806013;Kharkivska;Kupianskyi;Shevchenkivska;Petropillia_Петропілля
533806032;Kharkivska;Kupianskyi;Shevchenkivska;Petropillia_Петропілля
533806054;Kharkivska;Kupianskyi;Shevchenkivska;Petropillia_Петропілля
533806083;Kharkivska;Kupianskyi;Shevchenkivska;Petropillia_Петропілля
533806093;Kharkivska;Kupianskyi;Shevchenkivska;Petropillia_Петропілля
533806111;Kharkivska;Kupianskyi;Shevchenkivska;Petropillia_Петропілля
534116381;Kharkivska;Kupianskyi;Shevchenkivska;Hroza_Гроза
534116462;Kharkivska;Kupianskyi;Shevchenkivska;Hroza_Гроза
534116522;Kharkivska;Kupianskyi;Shevchenkivska;Hroza_Гроза
534116580;Kharkivska;Kupianskyi;Shevchenkivska;Hroza_Гроза
534116635;Kharkivska;Kupianskyi;Shevchenkivska;Hroza_Гроза
534116656;Kharkivska;Kupianskyi;Shevchenkivska;Hroza_Гроза
534116978;Kharkivska;Kupianskyi;Shevchenkivska;Hroza_Гроза
534117060;Kharkivska;Kupianskyi;Shevchenkivska;Hroza_Гроза
534117108;Kharkivska;Kupianskyi;Shevchenkivska;Hroza_Гроза
534117151;Kharkivska;Kupianskyi;Shevchenkivska;Hroza_Гроза
534117190;Kharkivska;Kupianskyi;Shevchenkivska;Hroza_Гроза
534117228;Kharkivska;Kupianskyi;Shevchenkivska;Hroza_Гроза
534117279;Kharkivska;Kupianskyi;Shevchenkivska;Hroza_Гроза
534117331;Kharkivska;Kupianskyi;Shevchenkivska;Hroza_Гроза
534117360;Kharkivska;Kupianskyi;Shevchenkivska;Hroza_Гроза
534117415;Kharkivska;Kupianskyi;Shevchenkivska;Hroza_Гроза
534117629;Kharkivska;Kupianskyi;Shevchenkivska;Hroza_Гроза
534117702;Kharkivska;Kupianskyi;Shevchenkivska;Hroza_Гроза
534119547;Kharkivska;Kupianskyi;Shevchenkivska;Hroza_Гроза
534119662;Kharkivska;Kupianskyi;Shevchenkivska;Hroza_Гроза
534119848;Kharkivska;Kupianskyi;Shevchenkivska;Hroza_Гроза
534119971;Kharkivska;Kupianskyi;Shevchenkivska;Hroza_Гроза
534120058;Kharkivska;Kupianskyi;Shevchenkivska;Hroza_Гроза
534120146;Kharkivska;Kupianskyi;Shevchenkivska;Hroza_Гроза
534120212;Kharkivska;Kupianskyi;Shevchenkivska;Hroza_Гроза
534120493;Kharkivska;Kupianskyi;Shevchenkivska;Hroza_Гроза
534120546;Kharkivska;Kupianskyi;Shevchenkivska;Hroza_Гроза
534120575;Kharkivska;Kupianskyi;Shevchenkivska;Hroza_Гроза
534133396;Kharkivska;Kupianskyi;Shevchenkivska;Hroza_Гроза
534133416;Kharkivska;Kupianskyi;Shevchenkivska;Hroza_Гроза
534133601;Kharkivska;Kupianskyi;Shevchenkivska;Hroza_Гроза
534133645;Kharkivska;Kupianskyi;Shevchenkivska;Hroza_Гроза
534133661;Kharkivska;Kupianskyi;Shevchenkivska;Hroza_Гроза
534133683;Kharkivska;Kupianskyi;Shevchenkivska;Hroza_Гроза
534133698;Kharkivska;Kupianskyi;Shevchenkivska;Hroza_Гроза
534133718;Kharkivska;Kupianskyi;Shevchenkivska;Hroza_Гроза
534133732;Kharkivska;Kupianskyi;Shevchenkivska;Hroza_Гроза
534133759;Kharkivska;Kupianskyi;Shevchenkivska;Hroza_Гроза
534133778;Kharkivska;Kupianskyi;Shevchenkivska;Hroza_Гроза
534133795;Kharkivska;Kupianskyi;Shevchenkivska;Hroza_Гроза
534133817;Kharkivska;Kupianskyi;Shevchenkivska;Hroza_Гроза
534133839;Kharkivska;Kupianskyi;Shevchenkivska;Hroza_Гроза
534133851;Kharkivska;Kupianskyi;Shevchenkivska;Hroza_Гроза
534133876;Kharkivska;Kupianskyi;Shevchenkivska;Hroza_Гроза
534133906;Kharkivska;Kupianskyi;Shevchenkivska;Hroza_Гроза
534133931;Kharkivska;Kupianskyi;Shevchenkivska;Hroza_Гроза
534133943;Kharkivska;Kupianskyi;Shevchenkivska;Hroza_Гроза
534133973;Kharkivska;Kupianskyi;Shevchenkivska;Hroza_Гроза
534134005;Kharkivska;Kupianskyi;Shevchenkivska;Hroza_Гроза
534134062;Kharkivska;Kupianskyi;Shevchenkivska;Hroza_Гроза
534157766;Kharkivska;Kupianskyi;Shevchenkivska;Hroza_Гроза
534472614;Kharkivska;Kupianskyi;Shevchenkivska;Hroza_Гроза
534472657;Kharkivska;Kupianskyi;Shevchenkivska;Hroza_Гроза
534472672;Kharkivska;Kupianskyi;Shevchenkivska;Hroza_Гроза
534472692;Kharkivska;Kupianskyi;Shevchenkivska;Hroza_Гроза
534472705;Kharkivska;Kupianskyi;Shevchenkivska;Hroza_Гроза
534472716;Kharkivska;Kupianskyi;Shevchenkivska;Hroza_Гроза
534472739;Kharkivska;Kupianskyi;Shevchenkivska;Hroza_Гроза
534472762;Kharkivska;Kupianskyi;Shevchenkivska;Hroza_Гроза
534472784;Kharkivska;Kupianskyi;Shevchenkivska;Hroza_Гроза
534472797;Kharkivska;Kupianskyi;Shevchenkivska;Hroza_Гроза
534472823;Kharkivska;Kupianskyi;Shevchenkivska;Hroza_Гроза
534472849;Kharkivska;Kupianskyi;Shevchenkivska;Hroza_Гроза
534472865;Kharkivska;Kupianskyi;Shevchenkivska;Hroza_Гроза
534472887;Kharkivska;Kupianskyi;Shevchenkivska;Hroza_Гроза
534472904;Kharkivska;Kupianskyi;Shevchenkivska;Hroza_Гроза
534472925;Kharkivska;Kupianskyi;Shevchenkivska;Hroza_Гроза
534472949;Kharkivska;Kupianskyi;Shevchenkivska;Hroza_Гроза
534472965;Kharkivska;Kupianskyi;Shevchenkivska;Hroza_Гроза
534472981;Kharkivska;Kupianskyi;Shevchenkivska;Hroza_Гроза
534472998;Kharkivska;Kupianskyi;Shevchenkivska;Hroza_Гроза
534473015;Kharkivska;Kupianskyi;Shevchenkivska;Hroza_Гроза
534473021;Kharkivska;Kupianskyi;Shevchenkivska;Hroza_Гроза
534473045;Kharkivska;Kupianskyi;Shevchenkivska;Hroza_Гроза
534473055;Kharkivska;Kupianskyi;Shevchenkivska;Hroza_Гроза
534473064;Kharkivska;Kupianskyi;Shevchenkivska;Hroza_Гроза
534473075;Kharkivska;Kupianskyi;Shevchenkivska;Hroza_Гроза
534473084;Kharkivska;Kupianskyi;Shevchenkivska;Hroza_Гроза
534473091;Kharkivska;Kupianskyi;Shevchenkivska;Hroza_Гроза
534478790;Kharkivska;Kupianskyi;Shevchenkivska;Hroza_Гроза
534478814;Kharkivska;Kupianskyi;Shevchenkivska;Hroza_Гроза
534478850;Kharkivska;Kupianskyi;Shevchenkivska;Hroza_Гроза
534478870;Kharkivska;Kupianskyi;Shevchenkivska;Hroza_Гроза
534478901;Kharkivska;Kupianskyi;Shevchenkivska;Hroza_Гроза
534478915;Kharkivska;Kupianskyi;Shevchenkivska;Hroza_Гроза
534478939;Kharkivska;Kupianskyi;Shevchenkivska;Hroza_Гроза
534478962;Kharkivska;Kupianskyi;Shevchenkivska;Hroza_Гроза
534479003;Kharkivska;Kupianskyi;Shevchenkivska;Hroza_Гроза
534479048;Kharkivska;Kupianskyi;Shevchenkivska;Hroza_Гроза
534479067;Kharkivska;Kupianskyi;Shevchenkivska;Hroza_Гроза
534479087;Kharkivska;Kupianskyi;Shevchenkivska;Hroza_Гроза
534479136;Kharkivska;Kupianskyi;Shevchenkivska;Hroza_Гроза
534479159;Kharkivska;Kupianskyi;Shevchenkivska;Hroza_Гроза
534479177;Kharkivska;Kupianskyi;Shevchenkivska;Hroza_Гроза
534479201;Kharkivska;Kupianskyi;Shevchenkivska;Hroza_Гроза
534479238;Kharkivska;Kupianskyi;Shevchenkivska;Hroza_Гроза
534479257;Kharkivska;Kupianskyi;Shevchenkivska;Hroza_Гроза
534479279;Kharkivska;Kupianskyi;Shevchenkivska;Hroza_Гроза
534479292;Kharkivska;Kupianskyi;Shevchenkivska;Hroza_Гроза
534479307;Kharkivska;Kupianskyi;Shevchenkivska;Hroza_Гроза
534479319;Kharkivska;Kupianskyi;Shevchenkivska;Hroza_Гроза
534479337;Kharkivska;Kupianskyi;Shevchenkivska;Hroza_Гроза
534479348;Kharkivska;Kupianskyi;Shevchenkivska;Hroza_Гроза
534479366;Kharkivska;Kupianskyi;Kupianska;Hroza_Гроза
534479390;Kharkivska;Kupianskyi;Shevchenkivska;Hroza_Гроза
534479408;Kharkivska;Kupianskyi;Shevchenkivska;Hroza_Гроза
534479440;Kharkivska;Kupianskyi;Shevchenkivska;Hroza_Гроза
534479464;Kharkivska;Kupianskyi;Shevchenkivska;Hroza_Гроза
534479483;Kharkivska;Kupianskyi;Shevchenkivska;Hroza_Гроза
534479500;Kharkivska;Kupianskyi;Shevchenkivska;Hroza_Гроза
534479509;Kharkivska;Kupianskyi;Shevchenkivska;Hroza_Гроза
534479514;Kharkivska;Kupianskyi;Shevchenkivska;Hroza_Гроза
534479530;Kharkivska;Kupianskyi;Shevchenkivska;Hroza_Гроза
534479544;Kharkivska;Kupianskyi;Shevchenkivska;Hroza_Гроза
534479553;Kharkivska;Kupianskyi;Shevchenkivska;Hroza_Гроза
534760265;Kharkivska;Kupianskyi;Shevchenkivska;Arkadivka_Аркадівка
534760292;Kharkivska;Kupianskyi;Shevchenkivska;Arkadivka_Аркадівка
534760315;Kharkivska;Kupianskyi;Shevchenkivska;Arkadivka_Аркадівка
534760323;Kharkivska;Kupianskyi;Shevchenkivska;Arkadivka_Аркадівка
534760337;Kharkivska;Kupianskyi;Shevchenkivska;Arkadivka_Аркадівка
534760354;Kharkivska;Kupianskyi;Shevchenkivska;Arkadivka_Аркадівка
534760393;Kharkivska;Kupianskyi;Shevchenkivska;Arkadivka_Аркадівка
534760433;Kharkivska;Kupianskyi;Shevchenkivska;Arkadivka_Аркадівка
534760470;Kharkivska;Kupianskyi;Shevchenkivska;Arkadivka_Аркадівка
534760507;Kharkivska;Kupianskyi;Shevchenkivska;Arkadivka_Аркадівка
534760530;Kharkivska;Kupianskyi;Shevchenkivska;Arkadivka_Аркадівка
534760546;Kharkivska;Kupianskyi;Shevchenkivska;Arkadivka_Аркадівка
534760559;Kharkivska;Kupianskyi;Shevchenkivska;Arkadivka_Аркадівка
534760574;Kharkivska;Kupianskyi;Shevchenkivska;Arkadivka_Аркадівка
534760600;Kharkivska;Kupianskyi;Shevchenkivska;Arkadivka_Аркадівка
534760735;Kharkivska;Kupianskyi;Shevchenkivska;Arkadivka_Аркадівка
534802138;Kharkivska;Kupianskyi;Shevchenkivska;Arkadivka_Аркадівка
534802144;Kharkivska;Kupianskyi;Shevchenkivska;Arkadivka_Аркадівка
534802150;Kharkivska;Kupianskyi;Shevchenkivska;Arkadivka_Аркадівка
534802161;Kharkivska;Kupianskyi;Shevchenkivska;Arkadivka_Аркадівка
534802176;Kharkivska;Kupianskyi;Shevchenkivska;Arkadivka_Аркадівка
534802184;Kharkivska;Kupianskyi;Shevchenkivska;Arkadivka_Аркадівка
534802193;Kharkivska;Kupianskyi;Shevchenkivska;Arkadivka_Аркадівка
534802206;Kharkivska;Kupianskyi;Shevchenkivska;Arkadivka_Аркадівка
534802211;Kharkivska;Kupianskyi;Shevchenkivska;Arkadivka_Аркадівка
534802225;Kharkivska;Kupianskyi;Shevchenkivska;Arkadivka_Аркадівка
534802236;Kharkivska;Kupianskyi;Shevchenkivska;Arkadivka_Аркадівка
534802251;Kharkivska;Kupianskyi;Shevchenkivska;Arkadivka_Аркадівка
534802264;Kharkivska;Kupianskyi;Shevchenkivska;Arkadivka_Аркадівка
534802279;Kharkivska;Kupianskyi;Shevchenkivska;Arkadivka_Аркадівка
535412474;Kharkivska;Kupianskyi;Shevchenkivska;Arkadivka_Аркадівка
535414726;Kharkivska;Kupianskyi;Shevchenkivska;Arkadivka_Аркадівка
535418953;Kharkivska;Kupianskyi;Shevchenkivska;Arkadivka_Аркадівка
535424705;Kharkivska;Kupianskyi;Shevchenkivska;Arkadivka_Аркадівка
535427905;Kharkivska;Kupianskyi;Shevchenkivska;Arkadivka_Аркадівка
535429308;Kharkivska;Kupianskyi;Shevchenkivska;Arkadivka_Аркадівка
535433037;Kharkivska;Kupianskyi;Shevchenkivska;Arkadivka_Аркадівка
535438267;Kharkivska;Kupianskyi;Shevchenkivska;Arkadivka_Аркадівка
535441536;Kharkivska;Kupianskyi;Shevchenkivska;Arkadivka_Аркадівка
535444708;Kharkivska;Kupianskyi;Shevchenkivska;Arkadivka_Аркадівка
535449557;Kharkivska;Kupianskyi;Shevchenkivska;Arkadivka_Аркадівка
535455009;Kharkivska;Kupianskyi;Shevchenkivska;Arkadivka_Аркадівка
535459234;Kharkivska;Kupianskyi;Shevchenkivska;Arkadivka_Аркадівка
535464706;Kharkivska;Kupianskyi;Shevchenkivska;Arkadivka_Аркадівка
535468913;Kharkivska;Kupianskyi;Shevchenkivska;Arkadivka_Аркадівка
535473169;Kharkivska;Kupianskyi;Shevchenkivska;Arkadivka_Аркадівка
535480971;Kharkivska;Kupianskyi;Shevchenkivska;Arkadivka_Аркадівка
535484939;Kharkivska;Kupianskyi;Shevchenkivska;Arkadivka_Аркадівка
535488430;Kharkivska;Kupianskyi;Shevchenkivska;Arkadivka_Аркадівка
535491360;Kharkivska;Kupianskyi;Shevchenkivska;Arkadivka_Аркадівка
535495042;Kharkivska;Kupianskyi;Shevchenkivska;Arkadivka_Аркадівка
535498171;Kharkivska;Kupianskyi;Shevchenkivska;Arkadivka_Аркадівка
535501421;Kharkivska;Kupianskyi;Shevchenkivska;Arkadivka_Аркадівка
535507085;Kharkivska;Kupianskyi;Shevchenkivska;Arkadivka_Аркадівка
535512051;Kharkivska;Kupianskyi;Shevchenkivska;Arkadivka_Аркадівка
535515475;Kharkivska;Kupianskyi;Shevchenkivska;Arkadivka_Аркадівка
535518474;Kharkivska;Kupianskyi;Shevchenkivska;Arkadivka_Аркадівка
535521990;Kharkivska;Kupianskyi;Shevchenkivska;Arkadivka_Аркадівка
535524315;Kharkivska;Kupianskyi;Shevchenkivska;Arkadivka_Аркадівка
535530700;Kharkivska;Kupianskyi;Shevchenkivska;Arkadivka_Аркадівка
535586159;Kharkivska;Kupianskyi;Shevchenkivska;Arkadivka_Аркадівка
535586181;Kharkivska;Kupianskyi;Shevchenkivska;Arkadivka_Аркадівка
535586190;Kharkivska;Kupianskyi;Shevchenkivska;Arkadivka_Аркадівка
535586208;Kharkivska;Kupianskyi;Shevchenkivska;Arkadivka_Аркадівка
535586225;Kharkivska;Kupianskyi;Shevchenkivska;Arkadivka_Аркадівка
535586241;Kharkivska;Kupianskyi;Shevchenkivska;Arkadivka_Аркадівка
535586254;Kharkivska;Kupianskyi;Shevchenkivska;Arkadivka_Аркадівка
535586264;Kharkivska;Kupianskyi;Shevchenkivska;Arkadivka_Аркадівка
535586279;Kharkivska;Kupianskyi;Shevchenkivska;Arkadivka_Аркадівка
535586296;Kharkivska;Kupianskyi;Shevchenkivska;Arkadivka_Аркадівка
535586303;Kharkivska;Kupianskyi;Shevchenkivska;Arkadivka_Аркадівка
535586325;Kharkivska;Kupianskyi;Shevchenkivska;Arkadivka_Аркадівка
535586339;Kharkivska;Kupianskyi;Shevchenkivska;Arkadivka_Аркадівка
535586368;Kharkivska;Kupianskyi;Shevchenkivska;Arkadivka_Аркадівка
535586391;Kharkivska;Kupianskyi;Shevchenkivska;Arkadivka_Аркадівка
535586406;Kharkivska;Kupianskyi;Shevchenkivska;Arkadivka_Аркадівка
535586699;Kharkivska;Kupianskyi;Shevchenkivska;Arkadivka_Аркадівка
535586719;Kharkivska;Kupianskyi;Shevchenkivska;Arkadivka_Аркадівка
535586756;Kharkivska;Kupianskyi;Shevchenkivska;Arkadivka_Аркадівка
535586796;Kharkivska;Kupianskyi;Shevchenkivska;Arkadivka_Аркадівка
535586862;Kharkivska;Kupianskyi;Shevchenkivska;Arkadivka_Аркадівка
535586911;Kharkivska;Kupianskyi;Shevchenkivska;Arkadivka_Аркадівка
535586942;Kharkivska;Kupianskyi;Shevchenkivska;Arkadivka_Аркадівка
535586950;Kharkivska;Kupianskyi;Shevchenkivska;Arkadivka_Аркадівка
535586959;Kharkivska;Kupianskyi;Shevchenkivska;Arkadivka_Аркадівка
535586980;Kharkivska;Kupianskyi;Shevchenkivska;Arkadivka_Аркадівка
535587003;Kharkivska;Kupianskyi;Shevchenkivska;Arkadivka_Аркадівка
535587019;Kharkivska;Kupianskyi;Shevchenkivska;Arkadivka_Аркадівка
535587045;Kharkivska;Kupianskyi;Shevchenkivska;Arkadivka_Аркадівка
535587055;Kharkivska;Kupianskyi;Shevchenkivska;Arkadivka_Аркадівка
535587064;Kharkivska;Kupianskyi;Shevchenkivska;Arkadivka_Аркадівка
535587080;Kharkivska;Kupianskyi;Shevchenkivska;Arkadivka_Аркадівка
535587081;Kharkivska;Kupianskyi;Shevchenkivska;Arkadivka_Аркадівка
535587096;Kharkivska;Kupianskyi;Shevchenkivska;Arkadivka_Аркадівка
535587100;Kharkivska;Kupianskyi;Shevchenkivska;Arkadivka_Аркадівка
535587119;Kharkivska;Kupianskyi;Shevchenkivska;Arkadivka_Аркадівка
535587133;Kharkivska;Kupianskyi;Shevchenkivska;Arkadivka_Аркадівка
535587136;Kharkivska;Kupianskyi;Shevchenkivska;Arkadivka_Аркадівка
535587144;Kharkivska;Kupianskyi;Shevchenkivska;Arkadivka_Аркадівка
535587147;Kharkivska;Kupianskyi;Shevchenkivska;Arkadivka_Аркадівка
535587161;Kharkivska;Kupianskyi;Shevchenkivska;Arkadivka_Аркадівка
535587171;Kharkivska;Kupianskyi;Shevchenkivska;Arkadivka_Аркадівка
535587172;Kharkivska;Kupianskyi;Shevchenkivska;Arkadivka_Аркадівка
535587181;Kharkivska;Kupianskyi;Shevchenkivska;Arkadivka_Аркадівка
535587188;Kharkivska;Kupianskyi;Shevchenkivska;Arkadivka_Аркадівка
535587193;Kharkivska;Kupianskyi;Shevchenkivska;Arkadivka_Аркадівка
535587212;Kharkivska;Kupianskyi;Shevchenkivska;Arkadivka_Аркадівка
535587215;Kharkivska;Kupianskyi;Shevchenkivska;Arkadivka_Аркадівка
535587226;Kharkivska;Kupianskyi;Shevchenkivska;Arkadivka_Аркадівка
535587233;Kharkivska;Kupianskyi;Shevchenkivska;Arkadivka_Аркадівка
535587240;Kharkivska;Kupianskyi;Shevchenkivska;Arkadivka_Аркадівка
535587246;Kharkivska;Kupianskyi;Shevchenkivska;Arkadivka_Аркадівка
535587256;Kharkivska;Kupianskyi;Shevchenkivska;Arkadivka_Аркадівка
535587259;Kharkivska;Kupianskyi;Shevchenkivska;Arkadivka_Аркадівка
535587269;Kharkivska;Kupianskyi;Shevchenkivska;Arkadivka_Аркадівка
535587275;Kharkivska;Kupianskyi;Shevchenkivska;Arkadivka_Аркадівка
535587280;Kharkivska;Kupianskyi;Shevchenkivska;Arkadivka_Аркадівка
535587285;Kharkivska;Kupianskyi;Shevchenkivska;Arkadivka_Аркадівка
535587295;Kharkivska;Kupianskyi;Shevchenkivska;Arkadivka_Аркадівка
535587304;Kharkivska;Kupianskyi;Shevchenkivska;Arkadivka_Аркадівка
535587311;Kharkivska;Kupianskyi;Shevchenkivska;Arkadivka_Аркадівка
535587336;Kharkivska;Kupianskyi;Shevchenkivska;Arkadivka_Аркадівка
535587363;Kharkivska;Kupianskyi;Shevchenkivska;Arkadivka_Аркадівка
535587382;Kharkivska;Kupianskyi;Shevchenkivska;Arkadivka_Аркадівка
535587391;Kharkivska;Kupianskyi;Shevchenkivska;Arkadivka_Аркадівка
535587402;Kharkivska;Kupianskyi;Shevchenkivska;Arkadivka_Аркадівка
535587629;Kharkivska;Kupianskyi;Shevchenkivska;Arkadivka_Аркадівка
535587642;Kharkivska;Kupianskyi;Shevchenkivska;Arkadivka_Аркадівка
535587658;Kharkivska;Kupianskyi;Shevchenkivska;Arkadivka_Аркадівка
535587674;Kharkivska;Kupianskyi;Shevchenkivska;Arkadivka_Аркадівка
535587686;Kharkivska;Kupianskyi;Shevchenkivska;Arkadivka_Аркадівка
535587700;Kharkivska;Kupianskyi;Shevchenkivska;Arkadivka_Аркадівка
535587718;Kharkivska;Kupianskyi;Shevchenkivska;Arkadivka_Аркадівка
535587729;Kharkivska;Kupianskyi;Shevchenkivska;Arkadivka_Аркадівка
535587741;Kharkivska;Kupianskyi;Shevchenkivska;Arkadivka_Аркадівка
535587752;Kharkivska;Kupianskyi;Shevchenkivska;Arkadivka_Аркадівка
535587759;Kharkivska;Kupianskyi;Shevchenkivska;Arkadivka_Аркадівка
535587767;Kharkivska;Kupianskyi;Shevchenkivska;Arkadivka_Аркадівка
535587972;Kharkivska;Kupianskyi;Shevchenkivska;Arkadivka_Аркадівка
535587978;Kharkivska;Kupianskyi;Shevchenkivska;Arkadivka_Аркадівка
535587984;Kharkivska;Kupianskyi;Shevchenkivska;Arkadivka_Аркадівка
535587987;Kharkivska;Kupianskyi;Shevchenkivska;Arkadivka_Аркадівка
535587993;Kharkivska;Kupianskyi;Shevchenkivska;Arkadivka_Аркадівка
535587998;Kharkivska;Kupianskyi;Shevchenkivska;Arkadivka_Аркадівка
535588000;Kharkivska;Kupianskyi;Shevchenkivska;Arkadivka_Аркадівка
535588008;Kharkivska;Kupianskyi;Shevchenkivska;Arkadivka_Аркадівка
535588015;Kharkivska;Kupianskyi;Shevchenkivska;Arkadivka_Аркадівка
535588021;Kharkivska;Kupianskyi;Shevchenkivska;Arkadivka_Аркадівка
535588029;Kharkivska;Kupianskyi;Shevchenkivska;Arkadivka_Аркадівка
535588042;Kharkivska;Kupianskyi;Shevchenkivska;Arkadivka_Аркадівка
535588053;;;;
535588066;Kharkivska;Kupianskyi;Shevchenkivska;Arkadivka_Аркадівка
535588076;Kharkivska;Kupianskyi;Shevchenkivska;Arkadivka_Аркадівка
535588085;Kharkivska;Kupianskyi;Shevchenkivska;Arkadivka_Аркадівка
535792440;Kharkivska;Kupianskyi;Shevchenkivska;Velyki Khutory_Великі Хутори
535795546;Kharkivska;Kupianskyi;Shevchenkivska;Velyki Khutory_Великі Хутори
535799182;Kharkivska;Kupianskyi;Shevchenkivska;Velyki Khutory_Великі Хутори
535802156;Kharkivska;Kupianskyi;Shevchenkivska;Velyki Khutory_Великі Хутори
535805765;Kharkivska;Kupianskyi;Shevchenkivska;Velyki Khutory_Великі Хутори
535812271;Kharkivska;Kupianskyi;Shevchenkivska;Velyki Khutory_Великі Хутори
535814866;Kharkivska;Kupianskyi;Shevchenkivska;Velyki Khutory_Великі Хутори
535819461;Kharkivska;Kupianskyi;Shevchenkivska;Velyki Khutory_Великі Хутори
535823795;Kharkivska;Kupianskyi;Shevchenkivska;Velyki Khutory_Великі Хутори
535836419;Kharkivska;Kupianskyi;Shevchenkivska;Velyki Khutory_Великі Хутори
535842954;Kharkivska;Kupianskyi;Shevchenkivska;Velyki Khutory_Великі Хутори
535847316;Kharkivska;Kupianskyi;Shevchenkivska;Velyki Khutory_Великі Хутори
535851153;Kharkivska;Kupianskyi;Shevchenkivska;Velyki Khutory_Великі Хутори
535854636;Kharkivska;Kupianskyi;Shevchenkivska;Velyki Khutory_Великі Хутори
535856672;Kharkivska;Kupianskyi;Shevchenkivska;Velyki Khutory_Великі Хутори
535864352;Kharkivska;Kupianskyi;Shevchenkivska;Velyki Khutory_Великі Хутори
535867904;Kharkivska;Kupianskyi;Shevchenkivska;Velyki Khutory_Великі Хутори
535901366;Kharkivska;Kupianskyi;Shevchenkivska;Velyki Khutory_Великі Хутори
535901397;Kharkivska;Kupianskyi;Shevchenkivska;Velyki Khutory_Великі Хутори
535901420;Kharkivska;Kupianskyi;Shevchenkivska;Velyki Khutory_Великі Хутори
535901450;Kharkivska;Kupianskyi;Shevchenkivska;Velyki Khutory_Великі Хутори
535901477;Kharkivska;Kupianskyi;Shevchenkivska;Velyki Khutory_Великі Хутори
535901501;Kharkivska;Kupianskyi;Shevchenkivska;Velyki Khutory_Великі Хутори
535901514;Kharkivska;Kupianskyi;Shevchenkivska;Velyki Khutory_Великі Хутори
535901535;Kharkivska;Kupianskyi;Shevchenkivska;Velyki Khutory_Великі Хутори
535901556;Kharkivska;Kupianskyi;Shevchenkivska;Velyki Khutory_Великі Хутори
535901580;Kharkivska;Kupianskyi;Shevchenkivska;Velyki Khutory_Великі Хутори
535901607;Kharkivska;Kupianskyi;Shevchenkivska;Velyki Khutory_Великі Хутори
535901621;Kharkivska;Kupianskyi;Shevchenkivska;Velyki Khutory_Великі Хутори
535901637;Kharkivska;Kupianskyi;Shevchenkivska;Velyki Khutory_Великі Хутори
535901665;Kharkivska;Kupianskyi;Shevchenkivska;Velyki Khutory_Великі Хутори
535901680;Kharkivska;Kupianskyi;Shevchenkivska;Velyki Khutory_Великі Хутори
535937094;Kharkivska;Kupianskyi;Shevchenkivska;Velyki Khutory_Великі Хутори
535937108;Kharkivska;Kupianskyi;Shevchenkivska;Velyki Khutory_Великі Хутори
535937128;Kharkivska;Kupianskyi;Shevchenkivska;Velyki Khutory_Великі Хутори
535937139;Kharkivska;Kupianskyi;Shevchenkivska;Velyki Khutory_Великі Хутори
535937155;Kharkivska;Kupianskyi;Shevchenkivska;Velyki Khutory_Великі Хутори
535937171;Kharkivska;Kupianskyi;Shevchenkivska;Velyki Khutory_Великі Хутори
535937186;Kharkivska;Kupianskyi;Shevchenkivska;Velyki Khutory_Великі Хутори
535937196;Kharkivska;Kupianskyi;Shevchenkivska;Velyki Khutory_Великі Хутори
535937203;Kharkivska;Kupianskyi;Shevchenkivska;Velyki Khutory_Великі Хутори
535937214;Kharkivska;Kupianskyi;Shevchenkivska;Velyki Khutory_Великі Хутори
535937222;Kharkivska;Kupianskyi;Shevchenkivska;Velyki Khutory_Великі Хутори
535937231;Kharkivska;Kupianskyi;Shevchenkivska;Velyki Khutory_Великі Хутори
535937243;Kharkivska;Kupianskyi;Shevchenkivska;Velyki Khutory_Великі Хутори
535937254;Kharkivska;Kupianskyi;Shevchenkivska;Velyki Khutory_Великі Хутори
535937267;Kharkivska;Kupianskyi;Shevchenkivska;Velyki Khutory_Великі Хутори
535937282;Kharkivska;Kupianskyi;Shevchenkivska;Velyki Khutory_Великі Хутори
535937295;Kharkivska;Kupianskyi;Shevchenkivska;Velyki Khutory_Великі Хутори
535944280;Kharkivska;Kupianskyi;Shevchenkivska;Velyki Khutory_Великі Хутори
535944298;Kharkivska;Kupianskyi;Shevchenkivska;Velyki Khutory_Великі Хутори
535944310;Kharkivska;Kupianskyi;Shevchenkivska;Velyki Khutory_Великі Хутори
535944325;Kharkivska;Kupianskyi;Shevchenkivska;Velyki Khutory_Великі Хутори
535944359;Kharkivska;Kupianskyi;Shevchenkivska;Velyki Khutory_Великі Хутори
535944372;Kharkivska;Kupianskyi;Shevchenkivska;Velyki Khutory_Великі Хутори
535944381;Kharkivska;Kupianskyi;Shevchenkivska;Velyki Khutory_Великі Хутори
535944392;Kharkivska;Kupianskyi;Shevchenkivska;Velyki Khutory_Великі Хутори
535944402;Kharkivska;Kupianskyi;Shevchenkivska;Velyki Khutory_Великі Хутори
535944410;Kharkivska;Kupianskyi;Shevchenkivska;Velyki Khutory_Великі Хутори
535944421;Kharkivska;Kupianskyi;Shevchenkivska;Velyki Khutory_Великі Хутори
535944442;Kharkivska;Kupianskyi;Shevchenkivska;Velyki Khutory_Великі Хутори
535944458;Kharkivska;Kupianskyi;Shevchenkivska;Velyki Khutory_Великі Хутори
535944469;Kharkivska;Kupianskyi;Shevchenkivska;Velyki Khutory_Великі Хутори
535944485;Kharkivska;Kupianskyi;Shevchenkivska;Velyki Khutory_Великі Хутори
535944498;Kharkivska;Kupianskyi;Shevchenkivska;Velyki Khutory_Великі Хутори
535944509;Kharkivska;Kupianskyi;Shevchenkivska;Velyki Khutory_Великі Хутори
535944531;Kharkivska;Kupianskyi;Shevchenkivska;Velyki Khutory_Великі Хутори
535969871;Kharkivska;Kupianskyi;Shevchenkivska;Velyki Khutory_Великі Хутори
535969882;Kharkivska;Kupianskyi;Shevchenkivska;Velyki Khutory_Великі Хутори
535969895;Kharkivska;Kupianskyi;Shevchenkivska;Velyki Khutory_Великі Хутори
535969907;Kharkivska;Kupianskyi;Shevchenkivska;Velyki Khutory_Великі Хутори
535969918;Kharkivska;Kupianskyi;Shevchenkivska;Velyki Khutory_Великі Хутори
535969935;Kharkivska;Kupianskyi;Shevchenkivska;Velyki Khutory_Великі Хутори
535969950;Kharkivska;Kupianskyi;Shevchenkivska;Velyki Khutory_Великі Хутори
535969961;Kharkivska;Kupianskyi;Shevchenkivska;Velyki Khutory_Великі Хутори
535969974;Kharkivska;Kupianskyi;Shevchenkivska;Velyki Khutory_Великі Хутори
535969988;Kharkivska;Kupianskyi;Shevchenkivska;Velyki Khutory_Великі Хутори
535970002;Kharkivska;Kupianskyi;Shevchenkivska;Velyki Khutory_Великі Хутори
535970018;Kharkivska;Kupianskyi;Shevchenkivska;Velyki Khutory_Великі Хутори
535970033;Kharkivska;Kupianskyi;Shevchenkivska;Velyki Khutory_Великі Хутори
535970054;Kharkivska;Kupianskyi;Shevchenkivska;Velyki Khutory_Великі Хутори
535970078;Kharkivska;Kupianskyi;Shevchenkivska;Velyki Khutory_Великі Хутори
535970695;Kharkivska;Kupianskyi;Shevchenkivska;Velyki Khutory_Великі Хутори
535971017;Kharkivska;Kupianskyi;Shevchenkivska;Velyki Khutory_Великі Хутори
535971027;Kharkivska;Kupianskyi;Shevchenkivska;Velyki Khutory_Великі Хутори
535971040;Kharkivska;Kupianskyi;Shevchenkivska;Velyki Khutory_Великі Хутори
535971053;Kharkivska;Kupianskyi;Shevchenkivska;Velyki Khutory_Великі Хутори
535971066;Kharkivska;Kupianskyi;Shevchenkivska;Velyki Khutory_Великі Хутори
535971078;Kharkivska;Kupianskyi;Shevchenkivska;Velyki Khutory_Великі Хутори
535971091;Kharkivska;Kupianskyi;Shevchenkivska;Velyki Khutory_Великі Хутори
535971098;Kharkivska;Kupianskyi;Shevchenkivska;Velyki Khutory_Великі Хутори
535971113;Kharkivska;Kupianskyi;Shevchenkivska;Velyki Khutory_Великі Хутори
535971124;Kharkivska;Kupianskyi;Shevchenkivska;Velyki Khutory_Великі Хутори
535971134;Kharkivska;Kupianskyi;Shevchenkivska;Velyki Khutory_Великі Хутори
535971146;Kharkivska;Kupianskyi;Shevchenkivska;Velyki Khutory_Великі Хутори
535971158;Kharkivska;Kupianskyi;Shevchenkivska;Velyki Khutory_Великі Хутори
535971173;Kharkivska;Kupianskyi;Shevchenkivska;Velyki Khutory_Великі Хутори
535971179;Kharkivska;Kupianskyi;Shevchenkivska;Velyki Khutory_Великі Хутори
535971190;Kharkivska;Kupianskyi;Shevchenkivska;Velyki Khutory_Великі Хутори
535971531;Kharkivska;Kupianskyi;Shevchenkivska;Velyki Khutory_Великі Хутори
535971542;Kharkivska;Kupianskyi;Shevchenkivska;Velyki Khutory_Великі Хутори
535971560;Kharkivska;Kupianskyi;Shevchenkivska;Velyki Khutory_Великі Хутори
535971575;Kharkivska;Kupianskyi;Shevchenkivska;Velyki Khutory_Великі Хутори
535971590;Kharkivska;Kupianskyi;Shevchenkivska;Velyki Khutory_Великі Хутори
535971600;Kharkivska;Kupianskyi;Shevchenkivska;Velyki Khutory_Великі Хутори
535971608;Kharkivska;Kupianskyi;Shevchenkivska;Velyki Khutory_Великі Хутори
535971621;Kharkivska;Kupianskyi;Shevchenkivska;Velyki Khutory_Великі Хутори
535971630;Kharkivska;Kupianskyi;Shevchenkivska;Velyki Khutory_Великі Хутори
535971640;Kharkivska;Kupianskyi;Shevchenkivska;Velyki Khutory_Великі Хутори
535971649;Kharkivska;Kupianskyi;Shevchenkivska;Velyki Khutory_Великі Хутори
535971654;Kharkivska;Kupianskyi;Shevchenkivska;Velyki Khutory_Великі Хутори
535971661;Kharkivska;Kupianskyi;Shevchenkivska;Velyki Khutory_Великі Хутори
536126017;Kharkivska;Kupianskyi;Shevchenkivska;Velyki Khutory_Великі Хутори
536129171;Kharkivska;Kupianskyi;Shevchenkivska;Hetmanivka_Гетьманівка
536131645;Kharkivska;Kupianskyi;Shevchenkivska;Hetmanivka_Гетьманівка
536134858;Kharkivska;Kupianskyi;Shevchenkivska;Hetmanivka_Гетьманівка
536138319;Kharkivska;Kupianskyi;Shevchenkivska;Hetmanivka_Гетьманівка
536141020;Kharkivska;Kupianskyi;Shevchenkivska;Hetmanivka_Гетьманівка
536144509;Kharkivska;Kupianskyi;Shevchenkivska;Hetmanivka_Гетьманівка
536148353;Kharkivska;Kupianskyi;Shevchenkivska;Hetmanivka_Гетьманівка
536152116;Kharkivska;Kupianskyi;Shevchenkivska;Hetmanivka_Гетьманівка
536160366;Kharkivska;Kupianskyi;Shevchenkivska;Hetmanivka_Гетьманівка
536164883;Kharkivska;Kupianskyi;Shevchenkivska;Hetmanivka_Гетьманівка
536167590;Kharkivska;Kupianskyi;Shevchenkivska;Hetmanivka_Гетьманівка
536175639;Kharkivska;Kupianskyi;Shevchenkivska;Hetmanivka_Гетьманівка
536180140;Kharkivska;Kupianskyi;Shevchenkivska;Hetmanivka_Гетьманівка
536185341;Kharkivska;Kupianskyi;Shevchenkivska;Hetmanivka_Гетьманівка
536192968;Kharkivska;Kupianskyi;Shevchenkivska;Hetmanivka_Гетьманівка
536196987;Kharkivska;Kupianskyi;Shevchenkivska;Hetmanivka_Гетьманівка
536201021;Kharkivska;Kupianskyi;Shevchenkivska;Hetmanivka_Гетьманівка
536204529;Kharkivska;Kupianskyi;Shevchenkivska;Hetmanivka_Гетьманівка
536209641;Kharkivska;Kupianskyi;Shevchenkivska;Hetmanivka_Гетьманівка
536221472;Kharkivska;Kupianskyi;Shevchenkivska;Hetmanivka_Гетьманівка
536228571;Kharkivska;Kupianskyi;Shevchenkivska;Hetmanivka_Гетьманівка
536228592;Kharkivska;Kupianskyi;Shevchenkivska;Hetmanivka_Гетьманівка
536228609;Kharkivska;Kupianskyi;Shevchenkivska;Hetmanivka_Гетьманівка
536228629;Kharkivska;Kupianskyi;Shevchenkivska;Hetmanivka_Гетьманівка
536228645;Kharkivska;Kupianskyi;Shevchenkivska;Hetmanivka_Гетьманівка
536228670;Kharkivska;Kupianskyi;Shevchenkivska;Hetmanivka_Гетьманівка
536228701;Kharkivska;Kupianskyi;Shevchenkivska;Hetmanivka_Гетьманівка
536228712;Kharkivska;Kupianskyi;Shevchenkivska;Hetmanivka_Гетьманівка
536228725;Kharkivska;Kupianskyi;Shevchenkivska;Hetmanivka_Гетьманівка
536228745;Kharkivska;Kupianskyi;Shevchenkivska;Hetmanivka_Гетьманівка
536228757;Kharkivska;Kupianskyi;Shevchenkivska;Hetmanivka_Гетьманівка
536228764;Kharkivska;Kupianskyi;Shevchenkivska;Hetmanivka_Гетьманівка
536228775;Kharkivska;Kupianskyi;Shevchenkivska;Hetmanivka_Гетьманівка
536228794;Kharkivska;Kupianskyi;Shevchenkivska;Hetmanivka_Гетьманівка
536228808;Kharkivska;Kupianskyi;Shevchenkivska;Hetmanivka_Гетьманівка
536228825;Kharkivska;Kupianskyi;Shevchenkivska;Hetmanivka_Гетьманівка
536228843;Kharkivska;Kupianskyi;Shevchenkivska;Hetmanivka_Гетьманівка
536228867;Kharkivska;Kupianskyi;Shevchenkivska;Hetmanivka_Гетьманівка
536228890;Kharkivska;Kupianskyi;Shevchenkivska;Hetmanivka_Гетьманівка
536228912;Kharkivska;Kupianskyi;Shevchenkivska;Hetmanivka_Гетьманівка
536228929;Kharkivska;Kupianskyi;Shevchenkivska;Hetmanivka_Гетьманівка
536228950;Kharkivska;Kupianskyi;Shevchenkivska;Hetmanivka_Гетьманівка
536228966;Kharkivska;Kupianskyi;Shevchenkivska;Hetmanivka_Гетьманівка
536228986;Kharkivska;Kupianskyi;Shevchenkivska;Hetmanivka_Гетьманівка
536228997;Kharkivska;Kupianskyi;Shevchenkivska;Hetmanivka_Гетьманівка
536247234;Kharkivska;Kupianskyi;Shevchenkivska;Hetmanivka_Гетьманівка
536247258;Kharkivska;Kupianskyi;Shevchenkivska;Hetmanivka_Гетьманівка
536247287;Kharkivska;Kupianskyi;Shevchenkivska;Hetmanivka_Гетьманівка
536247317;Kharkivska;Kupianskyi;Shevchenkivska;Hetmanivka_Гетьманівка
536247336;Kharkivska;Kupianskyi;Shevchenkivska;Hetmanivka_Гетьманівка
536247347;Kharkivska;Kupianskyi;Shevchenkivska;Hetmanivka_Гетьманівка
536247360;Kharkivska;Kupianskyi;Shevchenkivska;Hetmanivka_Гетьманівка
536247373;Kharkivska;Kupianskyi;Shevchenkivska;Hetmanivka_Гетьманівка
536247386;Kharkivska;Kupianskyi;Shevchenkivska;Hetmanivka_Гетьманівка
536247401;Kharkivska;Kupianskyi;Shevchenkivska;Hetmanivka_Гетьманівка
536247415;Kharkivska;Kupianskyi;Shevchenkivska;Hetmanivka_Гетьманівка
536247435;Kharkivska;Kupianskyi;Shevchenkivska;Hetmanivka_Гетьманівка
536247455;Kharkivska;Kupianskyi;Shevchenkivska;Hetmanivka_Гетьманівка
536247480;Kharkivska;Kupianskyi;Shevchenkivska;Hetmanivka_Гетьманівка
536247500;Kharkivska;Kupianskyi;Shevchenkivska;Hetmanivka_Гетьманівка
536247523;Kharkivska;Kupianskyi;Shevchenkivska;Hetmanivka_Гетьманівка
536247537;Kharkivska;Kupianskyi;Shevchenkivska;Hetmanivka_Гетьманівка
536247557;Kharkivska;Kupianskyi;Shevchenkivska;Hetmanivka_Гетьманівка
536247576;Kharkivska;Kupianskyi;Shevchenkivska;Hetmanivka_Гетьманівка
536247587;Kharkivska;Kupianskyi;Shevchenkivska;Hetmanivka_Гетьманівка
536247605;Kharkivska;Kupianskyi;Shevchenkivska;Hetmanivka_Гетьманівка
536247627;Kharkivska;Kupianskyi;Shevchenkivska;Hetmanivka_Гетьманівка
536247649;Kharkivska;Kupianskyi;Shevchenkivska;Hetmanivka_Гетьманівка
536247662;Kharkivska;Kupianskyi;Shevchenkivska;Hetmanivka_Гетьманівка
536247678;Kharkivska;Kupianskyi;Shevchenkivska;Hetmanivka_Гетьманівка
536280710;Kharkivska;Kupianskyi;Shevchenkivska;Hetmanivka_Гетьманівка
536280720;Kharkivska;Kupianskyi;Shevchenkivska;Hetmanivka_Гетьманівка
536280733;Kharkivska;Kupianskyi;Shevchenkivska;Hetmanivka_Гетьманівка
536280747;Kharkivska;Kupianskyi;Shevchenkivska;Hetmanivka_Гетьманівка
536280760;Kharkivska;Kupianskyi;Shevchenkivska;Hetmanivka_Гетьманівка
536280768;Kharkivska;Kupianskyi;Shevchenkivska;Hetmanivka_Гетьманівка
536280787;Kharkivska;Kupianskyi;Shevchenkivska;Hetmanivka_Гетьманівка
536280805;Kharkivska;Kupianskyi;Shevchenkivska;Hetmanivka_Гетьманівка
536280828;Kharkivska;Kupianskyi;Shevchenkivska;Hetmanivka_Гетьманівка
536280907;Kharkivska;Kupianskyi;Shevchenkivska;Hetmanivka_Гетьманівка
536280918;Kharkivska;Kupianskyi;Shevchenkivska;Hetmanivka_Гетьманівка
536280932;Kharkivska;Kupianskyi;Shevchenkivska;Hetmanivka_Гетьманівка
536280965;Kharkivska;Kupianskyi;Shevchenkivska;Hetmanivka_Гетьманівка
536280997;Kharkivska;Kupianskyi;Shevchenkivska;Hetmanivka_Гетьманівка
536281009;Kharkivska;Kupianskyi;Shevchenkivska;Hetmanivka_Гетьманівка
536281015;Kharkivska;Kupianskyi;Shevchenkivska;Hetmanivka_Гетьманівка
536281023;Kharkivska;Kupianskyi;Shevchenkivska;Hetmanivka_Гетьманівка
536281039;Kharkivska;Kupianskyi;Shevchenkivska;Hetmanivka_Гетьманівка
536281073;Kharkivska;Kupianskyi;Shevchenkivska;Hetmanivka_Гетьманівка
536281090;Kharkivska;Kupianskyi;Shevchenkivska;Hetmanivka_Гетьманівка
536281098;Kharkivska;Kupianskyi;Shevchenkivska;Hetmanivka_Гетьманівка
536281108;Kharkivska;Kupianskyi;Shevchenkivska;Hetmanivka_Гетьманівка
536281155;Kharkivska;Kupianskyi;Shevchenkivska;Hetmanivka_Гетьманівка
536284601;Kharkivska;Kupianskyi;Shevchenkivska;Hetmanivka_Гетьманівка
536284613;Kharkivska;Kupianskyi;Shevchenkivska;Hetmanivka_Гетьманівка
536284635;Kharkivska;Kupianskyi;Shevchenkivska;Hetmanivka_Гетьманівка
536284657;Kharkivska;Kupianskyi;Shevchenkivska;Hetmanivka_Гетьманівка
536284677;Kharkivska;Kupianskyi;Shevchenkivska;Hetmanivka_Гетьманівка
536284693;Kharkivska;Kupianskyi;Shevchenkivska;Hetmanivka_Гетьманівка
536284710;Kharkivska;Kupianskyi;Shevchenkivska;Hetmanivka_Гетьманівка
536284789;Kharkivska;Kupianskyi;Shevchenkivska;Hetmanivka_Гетьманівка
536284812;Kharkivska;Kupianskyi;Shevchenkivska;Hetmanivka_Гетьманівка
536284845;Kharkivska;Kupianskyi;Shevchenkivska;Hetmanivka_Гетьманівка
536284859;Kharkivska;Kupianskyi;Shevchenkivska;Hetmanivka_Гетьманівка
536284872;Kharkivska;Kupianskyi;Shevchenkivska;Hetmanivka_Гетьманівка
536284887;Kharkivska;Kupianskyi;Shevchenkivska;Hetmanivka_Гетьманівка
536284916;Kharkivska;Kupianskyi;Shevchenkivska;Hetmanivka_Гетьманівка
536284947;Kharkivska;Kupianskyi;Shevchenkivska;Hetmanivka_Гетьманівка
536284962;Kharkivska;Kupianskyi;Shevchenkivska;Hetmanivka_Гетьманівка
536284968;Kharkivska;Kupianskyi;Shevchenkivska;Hetmanivka_Гетьманівка
536284974;Kharkivska;Kupianskyi;Shevchenkivska;Hetmanivka_Гетьманівка
536284980;Kharkivska;Kupianskyi;Shevchenkivska;Hetmanivka_Гетьманівка
536284985;Kharkivska;Kupianskyi;Shevchenkivska;Hetmanivka_Гетьманівка
536284993;Kharkivska;Kupianskyi;Shevchenkivska;Hetmanivka_Гетьманівка
536285008;Kharkivska;Kupianskyi;Shevchenkivska;Hetmanivka_Гетьманівка
536285035;Kharkivska;Kupianskyi;Shevchenkivska;Hetmanivka_Гетьманівка
536285440;Kharkivska;Kupianskyi;Shevchenkivska;Hetmanivka_Гетьманівка
536285579;Kharkivska;Kupianskyi;Shevchenkivska;Hetmanivka_Гетьманівка
536285597;Kharkivska;Kupianskyi;Shevchenkivska;Hetmanivka_Гетьманівка
536285617;Kharkivska;Kupianskyi;Shevchenkivska;Hetmanivka_Гетьманівка
536285647;Kharkivska;Kupianskyi;Shevchenkivska;Hetmanivka_Гетьманівка
536285661;Kharkivska;Kupianskyi;Shevchenkivska;Hetmanivka_Гетьманівка
536285680;Kharkivska;Kupianskyi;Shevchenkivska;Hetmanivka_Гетьманівка
536285691;Kharkivska;Kupianskyi;Shevchenkivska;Hetmanivka_Гетьманівка
536285707;Kharkivska;Kupianskyi;Shevchenkivska;Hetmanivka_Гетьманівка
536285730;Kharkivska;Kupianskyi;Shevchenkivska;Hetmanivka_Гетьманівка
536285742;Kharkivska;Kupianskyi;Shevchenkivska;Hetmanivka_Гетьманівка
536285755;Kharkivska;Kupianskyi;Shevchenkivska;Hetmanivka_Гетьманівка
536285768;Kharkivska;Kupianskyi;Shevchenkivska;Hetmanivka_Гетьманівка
536285786;Kharkivska;Kupianskyi;Shevchenkivska;Hetmanivka_Гетьманівка
536285803;Kharkivska;Kupianskyi;Shevchenkivska;Hetmanivka_Гетьманівка
536285827;Kharkivska;Kupianskyi;Shevchenkivska;Hetmanivka_Гетьманівка
536285852;Kharkivska;Kupianskyi;Shevchenkivska;Hetmanivka_Гетьманівка
536285902;Kharkivska;Kupianskyi;Shevchenkivska;Hetmanivka_Гетьманівка
536285906;Kharkivska;Kupianskyi;Shevchenkivska;Hetmanivka_Гетьманівка
536285933;Kharkivska;Kupianskyi;Shevchenkivska;Hetmanivka_Гетьманівка
536285942;Kharkivska;Kupianskyi;Shevchenkivska;Hetmanivka_Гетьманівка
536285968;Kharkivska;Kupianskyi;Shevchenkivska;Hetmanivka_Гетьманівка
536285980;Kharkivska;Kupianskyi;Shevchenkivska;Hetmanivka_Гетьманівка
536285990;Kharkivska;Kupianskyi;Shevchenkivska;Hetmanivka_Гетьманівка
536286114;Kharkivska;Kupianskyi;Shevchenkivska;Hetmanivka_Гетьманівка
536286143;Kharkivska;Kupianskyi;Shevchenkivska;Hetmanivka_Гетьманівка
536286164;Kharkivska;Kupianskyi;Shevchenkivska;Hetmanivka_Гетьманівка
536286181;Kharkivska;Kupianskyi;Shevchenkivska;Hetmanivka_Гетьманівка
536286203;Kharkivska;Kupianskyi;Shevchenkivska;Hetmanivka_Гетьманівка
536286220;Kharkivska;Kupianskyi;Shevchenkivska;Hetmanivka_Гетьманівка
536286236;Kharkivska;Kupianskyi;Shevchenkivska;Hetmanivka_Гетьманівка
536286341;Kharkivska;Kupianskyi;Shevchenkivska;Hetmanivka_Гетьманівка
536286355;Kharkivska;Kupianskyi;Shevchenkivska;Hetmanivka_Гетьманівка
536286368;Kharkivska;Kupianskyi;Shevchenkivska;Hetmanivka_Гетьманівка
536286392;Kharkivska;Kupianskyi;Shevchenkivska;Hetmanivka_Гетьманівка
536286399;Kharkivska;Kupianskyi;Shevchenkivska;Hetmanivka_Гетьманівка
536286407;Kharkivska;Kupianskyi;Shevchenkivska;Hetmanivka_Гетьманівка
536501955;Kharkivska;Kupianskyi;Shevchenkivska;Vasylenkove_Василенкове
536506358;Kharkivska;Kupianskyi;Shevchenkivska;Vasylenkove_Василенкове
536508119;Kharkivska;Kupianskyi;Shevchenkivska;Vasylenkove_Василенкове
536510495;Kharkivska;Kupianskyi;Shevchenkivska;Vasylenkove_Василенкове
536513818;Kharkivska;Kupianskyi;Shevchenkivska;Vasylenkove_Василенкове
536520306;Kharkivska;Kupianskyi;Shevchenkivska;Vasylenkove_Василенкове
536521187;Kharkivska;Kupianskyi;Shevchenkivska;Vasylenkove_Василенкове
536525818;Kharkivska;Kupianskyi;Shevchenkivska;Vasylenkove_Василенкове
536528856;Kharkivska;Kupianskyi;Shevchenkivska;Vasylenkove_Василенкове
536532463;Kharkivska;Kupianskyi;Shevchenkivska;Vasylenkove_Василенкове
536535525;Kharkivska;Kupianskyi;Shevchenkivska;Vasylenkove_Василенкове
536540141;Kharkivska;Kupianskyi;Shevchenkivska;Vasylenkove_Василенкове
536544898;Kharkivska;Kupianskyi;Shevchenkivska;Vasylenkove_Василенкове
536547427;Kharkivska;Kupianskyi;Shevchenkivska;Vasylenkove_Василенкове
536549705;Kharkivska;Kupianskyi;Shevchenkivska;Vasylenkove_Василенкове
536551923;Kharkivska;Kupianskyi;Shevchenkivska;Vasylenkove_Василенкове
536554756;Kharkivska;Kupianskyi;Shevchenkivska;Vasylenkove_Василенкове
536557293;Kharkivska;Kupianskyi;Shevchenkivska;Vasylenkove_Василенкове
536560222;Kharkivska;Kupianskyi;Shevchenkivska;Vasylenkove_Василенкове
536563188;Kharkivska;Kupianskyi;Shevchenkivska;Vasylenkove_Василенкове
536571052;Kharkivska;Kupianskyi;Shevchenkivska;Vasylenkove_Василенкове
536574398;Kharkivska;Kupianskyi;Shevchenkivska;Vasylenkove_Василенкове
536580673;Kharkivska;Kupianskyi;Shevchenkivska;Vasylenkove_Василенкове
536649366;Kharkivska;Kupianskyi;Shevchenkivska;Vasylenkove_Василенкове
536649382;Kharkivska;Kupianskyi;Shevchenkivska;Vasylenkove_Василенкове
536649406;Kharkivska;Kupianskyi;Shevchenkivska;Vasylenkove_Василенкове
536649432;Kharkivska;Kupianskyi;Shevchenkivska;Vasylenkove_Василенкове
536649441;Kharkivska;Kupianskyi;Shevchenkivska;Vasylenkove_Василенкове
536649453;Kharkivska;Kupianskyi;Shevchenkivska;Vasylenkove_Василенкове
536649472;Kharkivska;Kupianskyi;Shevchenkivska;Vasylenkove_Василенкове
536649486;Kharkivska;Kupianskyi;Shevchenkivska;Vasylenkove_Василенкове
536649510;Kharkivska;Kupianskyi;Shevchenkivska;Vasylenkove_Василенкове
536649527;Kharkivska;Kupianskyi;Shevchenkivska;Vasylenkove_Василенкове
536649557;Kharkivska;Kupianskyi;Shevchenkivska;Vasylenkove_Василенкове
536649585;Kharkivska;Kupianskyi;Shevchenkivska;Vasylenkove_Василенкове
536649606;Kharkivska;Kupianskyi;Shevchenkivska;Vasylenkove_Василенкове
536649649;Kharkivska;Kupianskyi;Shevchenkivska;Vasylenkove_Василенкове
536649924;Kharkivska;Kupianskyi;Shevchenkivska;Vasylenkove_Василенкове
536649940;Kharkivska;Kupianskyi;Shevchenkivska;Vasylenkove_Василенкове
536649959;Kharkivska;Kupianskyi;Shevchenkivska;Vasylenkove_Василенкове
536649971;Kharkivska;Kupianskyi;Shevchenkivska;Vasylenkove_Василенкове
536649985;Kharkivska;Kupianskyi;Shevchenkivska;Vasylenkove_Василенкове
536650009;Kharkivska;Kupianskyi;Shevchenkivska;Vasylenkove_Василенкове
536650025;Kharkivska;Kupianskyi;Shevchenkivska;Vasylenkove_Василенкове
536650030;Kharkivska;Kupianskyi;Shevchenkivska;Vasylenkove_Василенкове
536650040;Kharkivska;Kupianskyi;Shevchenkivska;Vasylenkove_Василенкове
536650051;Kharkivska;Kupianskyi;Shevchenkivska;Vasylenkove_Василенкове
536650060;Kharkivska;Kupianskyi;Shevchenkivska;Vasylenkove_Василенкове
536650075;Kharkivska;Kupianskyi;Shevchenkivska;Vasylenkove_Василенкове
536650084;Kharkivska;Kupianskyi;Shevchenkivska;Vasylenkove_Василенкове
536650093;Kharkivska;Kupianskyi;Shevchenkivska;Vasylenkove_Василенкове
536650105;Kharkivska;Kupianskyi;Shevchenkivska;Vasylenkove_Василенкове
536650115;Kharkivska;Kupianskyi;Shevchenkivska;Vasylenkove_Василенкове
536650136;Kharkivska;Kupianskyi;Shevchenkivska;Vasylenkove_Василенкове
536650155;Kharkivska;Kupianskyi;Shevchenkivska;Vasylenkove_Василенкове
536650174;Kharkivska;Kupianskyi;Shevchenkivska;Vasylenkove_Василенкове
536650195;Kharkivska;Kupianskyi;Shevchenkivska;Vasylenkove_Василенкове
536650212;Kharkivska;Kupianskyi;Shevchenkivska;Vasylenkove_Василенкове
536650221;Kharkivska;Kupianskyi;Shevchenkivska;Vasylenkove_Василенкове
536650234;Kharkivska;Kupianskyi;Shevchenkivska;Vasylenkove_Василенкове
536650256;Kharkivska;Kupianskyi;Shevchenkivska;Vasylenkove_Василенкове
536650437;Kharkivska;Kupianskyi;Shevchenkivska;Vasylenkove_Василенкове
536650452;Kharkivska;Kupianskyi;Shevchenkivska;Vasylenkove_Василенкове
536650477;Kharkivska;Kupianskyi;Shevchenkivska;Vasylenkove_Василенкове
536650504;Kharkivska;Kupianskyi;Shevchenkivska;Vasylenkove_Василенкове
536650517;Kharkivska;Kupianskyi;Shevchenkivska;Vasylenkove_Василенкове
536650533;Kharkivska;Kupianskyi;Shevchenkivska;Vasylenkove_Василенкове
536650544;Kharkivska;Kupianskyi;Shevchenkivska;Vasylenkove_Василенкове
536650560;Kharkivska;Kupianskyi;Shevchenkivska;Vasylenkove_Василенкове
536650579;Kharkivska;Kupianskyi;Shevchenkivska;Vasylenkove_Василенкове
536650592;Kharkivska;Kupianskyi;Shevchenkivska;Vasylenkove_Василенкове
536650607;Kharkivska;Kupianskyi;Shevchenkivska;Vasylenkove_Василенкове
536650623;Kharkivska;Kupianskyi;Shevchenkivska;Vasylenkove_Василенкове
536650646;Kharkivska;Kupianskyi;Shevchenkivska;Vasylenkove_Василенкове
536650654;Kharkivska;Kupianskyi;Shevchenkivska;Vasylenkove_Василенкове
536650665;Kharkivska;Kupianskyi;Shevchenkivska;Vasylenkove_Василенкове
536650678;Kharkivska;Kupianskyi;Shevchenkivska;Vasylenkove_Василенкове
536650691;Kharkivska;Kupianskyi;Shevchenkivska;Vasylenkove_Василенкове
536651020;Kharkivska;Kupianskyi;Shevchenkivska;Vasylenkove_Василенкове
536651033;Kharkivska;Kupianskyi;Shevchenkivska;Vasylenkove_Василенкове
536651052;Kharkivska;Kupianskyi;Shevchenkivska;Vasylenkove_Василенкове
536651065;Kharkivska;Kupianskyi;Shevchenkivska;Vasylenkove_Василенкове
536651080;Kharkivska;Kupianskyi;Shevchenkivska;Vasylenkove_Василенкове
536651117;Kharkivska;Kupianskyi;Shevchenkivska;Vasylenkove_Василенкове
536651146;Kharkivska;Kupianskyi;Shevchenkivska;Vasylenkove_Василенкове
536651169;Kharkivska;Kupianskyi;Shevchenkivska;Vasylenkove_Василенкове
536651181;Kharkivska;Kupianskyi;Shevchenkivska;Vasylenkove_Василенкове
536651214;Kharkivska;Kupianskyi;Shevchenkivska;Vasylenkove_Василенкове
536651229;Kharkivska;Kupianskyi;Shevchenkivska;Vasylenkove_Василенкове
536651248;Kharkivska;Kupianskyi;Shevchenkivska;Vasylenkove_Василенкове
536651264;Kharkivska;Kupianskyi;Shevchenkivska;Vasylenkove_Василенкове
536651294;Kharkivska;Kupianskyi;Shevchenkivska;Vasylenkove_Василенкове
536651338;Kharkivska;Kupianskyi;Shevchenkivska;Vasylenkove_Василенкове
536651363;Kharkivska;Kupianskyi;Shevchenkivska;Vasylenkove_Василенкове
536651392;Kharkivska;Kupianskyi;Shevchenkivska;Vasylenkove_Василенкове
536651426;Kharkivska;Kupianskyi;Shevchenkivska;Vasylenkove_Василенкове
536651490;Kharkivska;Kupianskyi;Shevchenkivska;Vasylenkove_Василенкове
536659701;Kharkivska;Kupianskyi;Shevchenkivska;Vasylenkove_Василенкове
536659711;Kharkivska;Kupianskyi;Shevchenkivska;Vasylenkove_Василенкове
536659721;Kharkivska;Kupianskyi;Shevchenkivska;Vasylenkove_Василенкове
536659736;Kharkivska;Kupianskyi;Shevchenkivska;Vasylenkove_Василенкове
536659745;Kharkivska;Kupianskyi;Shevchenkivska;Vasylenkove_Василенкове
536659757;Kharkivska;Kupianskyi;Shevchenkivska;Vasylenkove_Василенкове
536659772;Kharkivska;Kupianskyi;Shevchenkivska;Vasylenkove_Василенкове
536659791;Kharkivska;Kupianskyi;Shevchenkivska;Vasylenkove_Василенкове
536659809;Kharkivska;Kupianskyi;Shevchenkivska;Vasylenkove_Василенкове
536659830;Kharkivska;Kupianskyi;Shevchenkivska;Vasylenkove_Василенкове
536659845;Kharkivska;Kupianskyi;Shevchenkivska;Vasylenkove_Василенкове
536659856;Kharkivska;Kupianskyi;Shevchenkivska;Vasylenkove_Василенкове
536659871;Kharkivska;Kupianskyi;Shevchenkivska;Vasylenkove_Василенкове
536659883;Kharkivska;Kupianskyi;Shevchenkivska;Vasylenkove_Василенкове
536659894;Kharkivska;Kupianskyi;Shevchenkivska;Vasylenkove_Василенкове
536659901;Kharkivska;Kupianskyi;Shevchenkivska;Vasylenkove_Василенкове
536659909;Kharkivska;Kupianskyi;Shevchenkivska;Vasylenkove_Василенкове
536659917;Kharkivska;Kupianskyi;Shevchenkivska;Vasylenkove_Василенкове
536659933;Kharkivska;Kupianskyi;Shevchenkivska;Vasylenkove_Василенкове
536659952;Kharkivska;Kupianskyi;Shevchenkivska;Vasylenkove_Василенкове
536659972;Kharkivska;Kupianskyi;Shevchenkivska;Vasylenkove_Василенкове
536659986;Kharkivska;Kupianskyi;Shevchenkivska;Vasylenkove_Василенкове
536660002;Kharkivska;Kupianskyi;Shevchenkivska;Vasylenkove_Василенкове
536660009;Kharkivska;Kupianskyi;Shevchenkivska;Vasylenkove_Василенкове
536660022;Kharkivska;Kupianskyi;Shevchenkivska;Vasylenkove_Василенкове
536660044;Kharkivska;Kupianskyi;Shevchenkivska;Vasylenkove_Василенкове
536660053;Kharkivska;Kupianskyi;Shevchenkivska;Vasylenkove_Василенкове
536660062;Kharkivska;Kupianskyi;Shevchenkivska;Vasylenkove_Василенкове
536660077;Kharkivska;Kupianskyi;Shevchenkivska;Vasylenkove_Василенкове
536660092;Kharkivska;Kupianskyi;Shevchenkivska;Vasylenkove_Василенкове
536660101;Kharkivska;Kupianskyi;Shevchenkivska;Vasylenkove_Василенкове
536660119;Kharkivska;Kupianskyi;Shevchenkivska;Vasylenkove_Василенкове
536660128;Kharkivska;Kupianskyi;Shevchenkivska;Vasylenkove_Василенкове
536660134;Kharkivska;Kupianskyi;Shevchenkivska;Vasylenkove_Василенкове
536660143;Kharkivska;Kupianskyi;Shevchenkivska;Vasylenkove_Василенкове
536862600;Kharkivska;Kupianskyi;Shevchenkivska;Petrivka_Петрівка
536862618;Kharkivska;Kupianskyi;Shevchenkivska;Petrivka_Петрівка
536862716;Kharkivska;Kupianskyi;Shevchenkivska;Petrivka_Петрівка
536864088;Kharkivska;Kupianskyi;Shevchenkivska;Petrivka_Петрівка
536866154;Kharkivska;Kupianskyi;Shevchenkivska;Petrivka_Петрівка
536868630;Kharkivska;Kupianskyi;Shevchenkivska;Petrivka_Петрівка
536870567;Kharkivska;Kupianskyi;Shevchenkivska;Petrivka_Петрівка
536872064;Kharkivska;Kupianskyi;Shevchenkivska;Petrivka_Петрівка
536874245;Kharkivska;Kupianskyi;Shevchenkivska;Petrivka_Петрівка
536877073;Kharkivska;Kupianskyi;Shevchenkivska;Petrivka_Петрівка
536879787;Kharkivska;Kupianskyi;Shevchenkivska;Petrivka_Петрівка
536882936;Kharkivska;Kupianskyi;Shevchenkivska;Petrivka_Петрівка
536885175;Kharkivska;Kupianskyi;Shevchenkivska;Petrivka_Петрівка
536887744;Kharkivska;Kupianskyi;Shevchenkivska;Petrivka_Петрівка
536889510;Kharkivska;Kupianskyi;Shevchenkivska;Petrivka_Петрівка
536892355;Kharkivska;Kupianskyi;Shevchenkivska;Petrivka_Петрівка
536894723;Kharkivska;Kupianskyi;Shevchenkivska;Petrivka_Петрівка
536896678;Kharkivska;Kupianskyi;Shevchenkivska;Petrivka_Петрівка
536899154;Kharkivska;Kupianskyi;Shevchenkivska;Petrivka_Петрівка
536901374;Kharkivska;Kupianskyi;Shevchenkivska;Petrivka_Петрівка
536903878;Kharkivska;Kupianskyi;Shevchenkivska;Petrivka_Петрівка
536905786;Kharkivska;Kupianskyi;Shevchenkivska;Petrivka_Петрівка
536907747;Kharkivska;Kupianskyi;Shevchenkivska;Petrivka_Петрівка
536909378;Kharkivska;Kupianskyi;Shevchenkivska;Petrivka_Петрівка
536911227;Kharkivska;Kupianskyi;Shevchenkivska;Petrivka_Петрівка
536913864;Kharkivska;Kupianskyi;Shevchenkivska;Petrivka_Петрівка
536915829;Kharkivska;Kupianskyi;Shevchenkivska;Petrivka_Петрівка
536917465;Kharkivska;Kupianskyi;Shevchenkivska;Petrivka_Петрівка
536918863;Kharkivska;Kupianskyi;Shevchenkivska;Petrivka_Петрівка
536922346;Kharkivska;Kupianskyi;Shevchenkivska;Petrivka_Петрівка
536927296;Kharkivska;Kupianskyi;Shevchenkivska;Petrivka_Петрівка
536927320;Kharkivska;Kupianskyi;Shevchenkivska;Petrivka_Петрівка
536927340;Kharkivska;Kupianskyi;Shevchenkivska;Petrivka_Петрівка
536927363;Kharkivska;Kupianskyi;Shevchenkivska;Petrivka_Петрівка
536927394;Kharkivska;Kupianskyi;Shevchenkivska;Petrivka_Петрівка
536927412;Kharkivska;Kupianskyi;Shevchenkivska;Petrivka_Петрівка
536927427;Kharkivska;Kupianskyi;Shevchenkivska;Petrivka_Петрівка
536927453;Kharkivska;Kupianskyi;Shevchenkivska;Petrivka_Петрівка
536927501;Kharkivska;Kupianskyi;Shevchenkivska;Petrivka_Петрівка
536927554;Kharkivska;Kupianskyi;Shevchenkivska;Petrivka_Петрівка
536927579;Kharkivska;Kupianskyi;Shevchenkivska;Petrivka_Петрівка
536927606;Kharkivska;Kupianskyi;Shevchenkivska;Petrivka_Петрівка
536927631;Kharkivska;Kupianskyi;Shevchenkivska;Petrivka_Петрівка
536927648;Kharkivska;Kupianskyi;Shevchenkivska;Petrivka_Петрівка
536927664;Kharkivska;Kupianskyi;Shevchenkivska;Petrivka_Петрівка
536927675;Kharkivska;Kupianskyi;Shevchenkivska;Petrivka_Петрівка
536927722;Kharkivska;Kupianskyi;Shevchenkivska;Petrivka_Петрівка
536927745;Kharkivska;Kupianskyi;Shevchenkivska;Petrivka_Петрівка
536927767;Kharkivska;Kupianskyi;Shevchenkivska;Petrivka_Петрівка
536928883;Kharkivska;Kupianskyi;Shevchenkivska;Petrivka_Петрівка
536928934;Kharkivska;Kupianskyi;Shevchenkivska;Petrivka_Петрівка
536928968;Kharkivska;Kupianskyi;Shevchenkivska;Petrivka_Петрівка
536928996;Kharkivska;Kupianskyi;Shevchenkivska;Petrivka_Петрівка
536929014;Kharkivska;Kupianskyi;Shevchenkivska;Petrivka_Петрівка
536929031;Kharkivska;Kupianskyi;Shevchenkivska;Petrivka_Петрівка
536929160;Kharkivska;Kupianskyi;Shevchenkivska;Petrivka_Петрівка
536939148;Kharkivska;Kupianskyi;Shevchenkivska;Petrivka_Петрівка
536939160;Kharkivska;Kupianskyi;Shevchenkivska;Petrivka_Петрівка
536939172;Kharkivska;Kupianskyi;Shevchenkivska;Petrivka_Петрівка
536939189;Kharkivska;Kupianskyi;Shevchenkivska;Petrivka_Петрівка
536939197;Kharkivska;Kupianskyi;Shevchenkivska;Petrivka_Петрівка
536939211;Kharkivska;Kupianskyi;Shevchenkivska;Petrivka_Петрівка
536939221;Kharkivska;Kupianskyi;Shevchenkivska;Petrivka_Петрівка
536939234;Kharkivska;Kupianskyi;Shevchenkivska;Petrivka_Петрівка
536939245;Kharkivska;Kupianskyi;Shevchenkivska;Petrivka_Петрівка
536939256;Kharkivska;Kupianskyi;Shevchenkivska;Petrivka_Петрівка
536939263;Kharkivska;Kupianskyi;Shevchenkivska;Petrivka_Петрівка
536939277;Kharkivska;Kupianskyi;Shevchenkivska;Petrivka_Петрівка
536939290;Kharkivska;Kupianskyi;Shevchenkivska;Petrivka_Петрівка
536939309;Kharkivska;Kupianskyi;Shevchenkivska;Petrivka_Петрівка
536939331;Kharkivska;Kupianskyi;Shevchenkivska;Petrivka_Петрівка
536939344;Kharkivska;Kupianskyi;Shevchenkivska;Petrivka_Петрівка
536939363;Kharkivska;Kupianskyi;Shevchenkivska;Petrivka_Петрівка
536939382;Kharkivska;Kupianskyi;Shevchenkivska;Petrivka_Петрівка
536939399;Kharkivska;Kupianskyi;Shevchenkivska;Petrivka_Петрівка
536939411;Kharkivska;Kupianskyi;Shevchenkivska;Petrivka_Петрівка
536939429;Kharkivska;Kupianskyi;Shevchenkivska;Petrivka_Петрівка
536939443;Kharkivska;Kupianskyi;Shevchenkivska;Petrivka_Петрівка
536939452;Kharkivska;Kupianskyi;Shevchenkivska;Petrivka_Петрівка
536939468;Kharkivska;Kupianskyi;Shevchenkivska;Petrivka_Петрівка
536939487;Kharkivska;Kupianskyi;Shevchenkivska;Petrivka_Петрівка
537000118;Kharkivska;Kupianskyi;Shevchenkivska;Vasylenkove_Василенкове
537000129;Kharkivska;Kupianskyi;Shevchenkivska;Petrivka_Петрівка
537000143;Kharkivska;Kupianskyi;Shevchenkivska;Petrivka_Петрівка
537000163;Kharkivska;Kupianskyi;Shevchenkivska;Petrivka_Петрівка
537000182;Kharkivska;Kupianskyi;Shevchenkivska;Petrivka_Петрівка
537000199;Kharkivska;Kupianskyi;Shevchenkivska;Petrivka_Петрівка
537000212;Kharkivska;Kupianskyi;Shevchenkivska;Petrivka_Петрівка
537000239;Kharkivska;Kupianskyi;Shevchenkivska;Petrivka_Петрівка
537000256;Kharkivska;Kupianskyi;Shevchenkivska;Petrivka_Петрівка
537000275;Kharkivska;Kupianskyi;Shevchenkivska;Petrivka_Петрівка
537000290;Kharkivska;Kupianskyi;Shevchenkivska;Petrivka_Петрівка
537000291;Kharkivska;Kupianskyi;Shevchenkivska;Petrivka_Петрівка
537000312;Kharkivska;Kupianskyi;Shevchenkivska;Petrivka_Петрівка
537000317;Kharkivska;Kupianskyi;Shevchenkivska;Petrivka_Петрівка
537000328;Kharkivska;Kupianskyi;Shevchenkivska;Petrivka_Петрівка
537000338;Kharkivska;Kupianskyi;Shevchenkivska;Petrivka_Петрівка
537000341;Kharkivska;Kupianskyi;Shevchenkivska;Petrivka_Петрівка
537000351;Kharkivska;Kupianskyi;Shevchenkivska;Petrivka_Петрівка
537000352;Kharkivska;Kupianskyi;Shevchenkivska;Petrivka_Петрівка
537000362;Kharkivska;Kupianskyi;Shevchenkivska;Petrivka_Петрівка
537000365;Kharkivska;Kupianskyi;Shevchenkivska;Petrivka_Петрівка
537000373;Kharkivska;Kupianskyi;Shevchenkivska;Petrivka_Петрівка
537000381;Kharkivska;Kupianskyi;Shevchenkivska;Petrivka_Петрівка
537000386;Kharkivska;Kupianskyi;Shevchenkivska;Petrivka_Петрівка
537000397;Kharkivska;Kupianskyi;Shevchenkivska;Petrivka_Петрівка
537000402;Kharkivska;Kupianskyi;Shevchenkivska;Petrivka_Петрівка
537000409;Kharkivska;Kupianskyi;Shevchenkivska;Petrivka_Петрівка
537000413;Kharkivska;Kupianskyi;Shevchenkivska;Petrivka_Петрівка
537000424;Kharkivska;Kupianskyi;Shevchenkivska;Petrivka_Петрівка
537000426;Kharkivska;Kupianskyi;Shevchenkivska;Petrivka_Петрівка
537000427;Kharkivska;Kupianskyi;Shevchenkivska;Petrivka_Петрівка
537000440;Kharkivska;Kupianskyi;Shevchenkivska;Petrivka_Петрівка
537000445;Kharkivska;Kupianskyi;Shevchenkivska;Petrivka_Петрівка
537000449;Kharkivska;Kupianskyi;Shevchenkivska;Petrivka_Петрівка
537000456;Kharkivska;Kupianskyi;Shevchenkivska;Petrivka_Петрівка
537000460;Kharkivska;Kupianskyi;Shevchenkivska;Petrivka_Петрівка
537000469;Kharkivska;Kupianskyi;Shevchenkivska;Petrivka_Петрівка
537000475;Kharkivska;Kupianskyi;Shevchenkivska;Petrivka_Петрівка
537000478;Kharkivska;Kupianskyi;Shevchenkivska;Petrivka_Петрівка
537000481;Kharkivska;Kupianskyi;Shevchenkivska;Petrivka_Петрівка
537000489;Kharkivska;Kupianskyi;Shevchenkivska;Petrivka_Петрівка
537000492;Kharkivska;Kupianskyi;Shevchenkivska;Petrivka_Петрівка
537000502;Kharkivska;Kupianskyi;Shevchenkivska;Petrivka_Петрівка
537000508;Kharkivska;Kupianskyi;Shevchenkivska;Petrivka_Петрівка
537000518;Kharkivska;Kupianskyi;Shevchenkivska;Petrivka_Петрівка
537000523;Kharkivska;Kupianskyi;Shevchenkivska;Petrivka_Петрівка
537000545;Kharkivska;Kupianskyi;Shevchenkivska;Petrivka_Петрівка
537000547;Kharkivska;Kupianskyi;Shevchenkivska;Petrivka_Петрівка
537000557;Kharkivska;Kupianskyi;Shevchenkivska;Petrivka_Петрівка
537000558;Kharkivska;Kupianskyi;Shevchenkivska;Petrivka_Петрівка
537000571;Kharkivska;Kupianskyi;Shevchenkivska;Petrivka_Петрівка
537000573;Kharkivska;Kupianskyi;Shevchenkivska;Petrivka_Петрівка
537000582;Kharkivska;Kupianskyi;Shevchenkivska;Petrivka_Петрівка
537000592;Kharkivska;Kupianskyi;Shevchenkivska;Petrivka_Петрівка
537000598;Kharkivska;Kupianskyi;Shevchenkivska;Petrivka_Петрівка
537000603;Kharkivska;Kupianskyi;Shevchenkivska;Petrivka_Петрівка
537000611;Kharkivska;Kupianskyi;Shevchenkivska;Petrivka_Петрівка
537000619;Kharkivska;Kupianskyi;Shevchenkivska;Petrivka_Петрівка
537000624;Kharkivska;Kupianskyi;Shevchenkivska;Petrivka_Петрівка
537000630;Kharkivska;Kupianskyi;Shevchenkivska;Petrivka_Петрівка
537000634;Kharkivska;Kupianskyi;Shevchenkivska;Petrivka_Петрівка
537000642;Kharkivska;Kupianskyi;Shevchenkivska;Petrivka_Петрівка
537000643;Kharkivska;Kupianskyi;Shevchenkivska;Petrivka_Петрівка
537000650;Kharkivska;Kupianskyi;Shevchenkivska;Petrivka_Петрівка
537000664;Kharkivska;Kupianskyi;Shevchenkivska;Petrivka_Петрівка
537000673;Kharkivska;Kupianskyi;Shevchenkivska;Petrivka_Петрівка
537000690;Kharkivska;Kupianskyi;Shevchenkivska;Petrivka_Петрівка
537000703;Kharkivska;Kupianskyi;Shevchenkivska;Petrivka_Петрівка
537000719;Kharkivska;Kupianskyi;Shevchenkivska;Petrivka_Петрівка
537000731;Kharkivska;Kupianskyi;Shevchenkivska;Petrivka_Петрівка
537000745;Kharkivska;Kupianskyi;Shevchenkivska;Petrivka_Петрівка
537000762;Kharkivska;Kupianskyi;Shevchenkivska;Petrivka_Петрівка
537000773;Kharkivska;Kupianskyi;Shevchenkivska;Petrivka_Петрівка
537000789;Kharkivska;Kupianskyi;Shevchenkivska;Petrivka_Петрівка
537000803;Kharkivska;Kupianskyi;Shevchenkivska;Petrivka_Петрівка
537002124;Kharkivska;Kupianskyi;Shevchenkivska;Petrivka_Петрівка
537002138;Kharkivska;Kupianskyi;Shevchenkivska;Petrivka_Петрівка
537002147;Kharkivska;Kupianskyi;Shevchenkivska;Petrivka_Петрівка
537002155;Kharkivska;Kupianskyi;Shevchenkivska;Petrivka_Петрівка
537002166;Kharkivska;Kupianskyi;Shevchenkivska;Petrivka_Петрівка
537002180;Kharkivska;Kupianskyi;Shevchenkivska;Petrivka_Петрівка
537002188;Kharkivska;Kupianskyi;Shevchenkivska;Petrivka_Петрівка
537002197;Kharkivska;Kupianskyi;Shevchenkivska;Petrivka_Петрівка
537002205;Kharkivska;Kupianskyi;Shevchenkivska;Petrivka_Петрівка
537002209;Kharkivska;Kupianskyi;Shevchenkivska;Petrivka_Петрівка
537002218;Kharkivska;Kupianskyi;Shevchenkivska;Petrivka_Петрівка
537002229;Kharkivska;Kupianskyi;Shevchenkivska;Petrivka_Петрівка
537002238;Kharkivska;Kupianskyi;Shevchenkivska;Petrivka_Петрівка
537002249;Kharkivska;Kupianskyi;Shevchenkivska;Petrivka_Петрівка
537002264;Kharkivska;Kupianskyi;Shevchenkivska;Petrivka_Петрівка
537002283;Kharkivska;Kupianskyi;Shevchenkivska;Petrivka_Петрівка
537002296;Kharkivska;Kupianskyi;Shevchenkivska;Petrivka_Петрівка
537002308;Kharkivska;Kupianskyi;Shevchenkivska;Petrivka_Петрівка
537002328;Kharkivska;Kupianskyi;Shevchenkivska;Petrivka_Петрівка
537002356;Kharkivska;Kupianskyi;Shevchenkivska;Petrivka_Петрівка
537002381;Kharkivska;Kupianskyi;Shevchenkivska;Petrivka_Петрівка
537002402;Kharkivska;Kupianskyi;Shevchenkivska;Petrivka_Петрівка
540317220;Kharkivska;Kupianskyi;Shevchenkivska;
540320536;Kharkivska;Kupianskyi;Shevchenkivska;